I,T,Uraw
0.0005,309.763,1.82873
0.0005,305.043,1.82854
0.0005,299.929,1.8255
0.0005,294.966,1.82441
0.0005,289.966,1.82571
0.0005,284.951,1.82774
0.0005,279.885,1.8303
0.0005,274.874,1.83406
0.0005,269.91,1.83854
0.0005,264.984,1.84373
0.0005,259.877,1.85045
0.0005,254.992,1.85801
0.0005,249.877,1.86664
0.0005,244.884,1.87584
0.0005,239.884,1.88687
0.0005,234.869,1.89903
0.0005,229.867,1.9121
0.0005,224.877,1.92692
0.0005,219.876,1.94372
0.0005,215.011,1.96079
0.0005,209.867,1.98201
0.0005,204.989,2.00357
0.0005,200.027,2.02677
0.00049,309.763,1.79379
0.00049,305.043,1.79359
0.00049,299.929,1.79066
0.00049,294.966,1.78946
0.00049,289.966,1.79087
0.00049,284.951,1.79297
0.00049,279.885,1.79543
0.00049,274.874,1.79921
0.00049,269.91,1.80368
0.00049,264.984,1.80878
0.00049,259.877,1.81537
0.00049,254.992,1.82273
0.00049,249.877,1.83127
0.00049,244.884,1.8403
0.00049,239.884,1.85112
0.00049,234.869,1.86338
0.00049,229.867,1.87621
0.00049,224.877,1.89061
0.00049,219.876,1.90723
0.00049,215.011,1.92376
0.00049,209.867,1.94489
0.00049,204.989,1.96615
0.00049,200.027,1.98894
0.00048,309.763,1.75912
0.00048,305.043,1.75892
0.00048,299.929,1.75602
0.00048,294.966,1.75492
0.00048,289.966,1.75622
0.00048,284.951,1.75839
0.00048,279.885,1.76087
0.00048,274.874,1.76458
0.00048,269.91,1.76928
0.00048,264.984,1.77399
0.00048,259.877,1.78049
0.00048,254.992,1.78779
0.00048,249.877,1.79627
0.00048,244.884,1.80497
0.00048,239.884,1.81577
0.00048,234.869,1.82789
0.00048,229.867,1.84055
0.00048,224.877,1.85507
0.00048,219.876,1.87115
0.00048,215.011,1.88772
0.00048,209.867,1.90823
0.00048,204.989,1.92937
0.00048,200.027,1.95148
0.00047,309.763,1.72466
0.00047,305.043,1.7243
0.00047,299.929,1.72165
0.00047,294.966,1.72047
0.00047,289.966,1.72177
0.00047,284.951,1.724
0.00047,279.885,1.72633
0.00047,274.874,1.73024
0.00047,269.91,1.73461
0.00047,264.984,1.73932
0.00047,259.877,1.74579
0.00047,254.992,1.75296
0.00047,249.877,1.76119
0.00047,244.884,1.76989
0.00047,239.884,1.78047
0.00047,234.869,1.79241
0.00047,229.867,1.80488
0.00047,224.877,1.81962
0.00047,219.876,1.83537
0.00047,215.011,1.85169
0.00047,209.867,1.87133
0.00047,204.989,1.89232
0.00047,200.027,1.91444
0.00046,309.763,1.68996
0.00046,305.043,1.6897
0.00046,299.929,1.68702
0.00046,294.966,1.68591
0.00046,289.966,1.68723
0.00046,284.951,1.68948
0.00046,279.885,1.69175
0.00046,274.874,1.69572
0.00046,269.91,1.70006
0.00046,264.984,1.70467
0.00046,259.877,1.7111
0.00046,254.992,1.71822
0.00046,249.877,1.72613
0.00046,244.884,1.73469
0.00046,239.884,1.74493
0.00046,234.869,1.75695
0.00046,229.867,1.76926
0.00046,224.877,1.78369
0.00046,219.876,1.79925
0.00046,215.011,1.81531
0.00046,209.867,1.8349
0.00046,204.989,1.85547
0.00046,200.027,1.87714
0.00045,309.763,1.65524
0.00045,305.043,1.655
0.00045,299.929,1.65243
0.00045,294.966,1.6513
0.00045,289.966,1.65266
0.00045,284.951,1.65486
0.00045,279.885,1.65721
0.00045,274.874,1.66104
0.00045,269.91,1.66551
0.00045,264.984,1.67002
0.00045,259.877,1.67613
0.00045,254.992,1.68329
0.00045,249.877,1.6912
0.00045,244.884,1.69961
0.00045,239.884,1.70952
0.00045,234.869,1.72136
0.00045,229.867,1.73339
0.00045,224.877,1.74778
0.00045,219.876,1.76327
0.00045,215.011,1.77907
0.00045,209.867,1.79868
0.00045,204.989,1.81852
0.00045,200.027,1.8399
0.00044,309.763,1.62053
0.00044,305.043,1.6202
0.00044,299.929,1.61771
0.00044,294.966,1.6167
0.00044,289.966,1.6181
0.00044,284.951,1.62021
0.00044,279.885,1.6225
0.00044,274.874,1.62631
0.00044,269.91,1.63081
0.00044,264.984,1.63503
0.00044,259.877,1.64126
0.00044,254.992,1.64825
0.00044,249.877,1.65598
0.00044,244.884,1.66421
0.00044,239.884,1.67408
0.00044,234.869,1.68554
0.00044,229.867,1.6976
0.00044,224.877,1.71186
0.00044,219.876,1.72688
0.00044,215.011,1.74258
0.00044,209.867,1.76178
0.00044,204.989,1.78174
0.00044,200.027,1.802
0.00043,309.763,1.5856
0.00043,305.043,1.58531
0.00043,299.929,1.58304
0.00043,294.966,1.58195
0.00043,289.966,1.58337
0.00043,284.951,1.58543
0.00043,279.885,1.58774
0.00043,274.874,1.59153
0.00043,269.91,1.59587
0.00043,264.984,1.6001
0.00043,259.877,1.6063
0.00043,254.992,1.61289
0.00043,249.877,1.6208
0.00043,244.884,1.6289
0.00043,239.884,1.63857
0.00043,234.869,1.64993
0.00043,229.867,1.6616
0.00043,224.877,1.67554
0.00043,219.876,1.69032
0.00043,215.011,1.70604
0.00043,209.867,1.72503
0.00043,204.989,1.74447
0.00043,200.027,1.76456
0.00042,309.763,1.55071
0.00042,305.043,1.55032
0.00042,299.929,1.54825
0.00042,294.966,1.54714
0.00042,289.966,1.54866
0.00042,284.951,1.55056
0.00042,279.885,1.55295
0.00042,274.874,1.55669
0.00042,269.91,1.56105
0.00042,264.984,1.56546
0.00042,259.877,1.57116
0.00042,254.992,1.5777
0.00042,249.877,1.58535
0.00042,244.884,1.59341
0.00042,239.884,1.60322
0.00042,234.869,1.61411
0.00042,229.867,1.62574
0.00042,224.877,1.63936
0.00042,219.876,1.65411
0.00042,215.011,1.66933
0.00042,209.867,1.68793
0.00042,204.989,1.70692
0.00042,200.027,1.72689
0.00041,309.763,1.51581
0.00041,305.043,1.51539
0.00041,299.929,1.51338
0.00041,294.966,1.51227
0.00041,289.966,1.51381
0.00041,284.951,1.51576
0.00041,279.885,1.51817
0.00041,274.874,1.52169
0.00041,269.91,1.52596
0.00041,264.984,1.53043
0.00041,259.877,1.53603
0.00041,254.992,1.54232
0.00041,249.877,1.54994
0.00041,244.884,1.55835
0.00041,239.884,1.56755
0.00041,234.869,1.5783
0.00041,229.867,1.58969
0.00041,224.877,1.60289
0.00041,219.876,1.61751
0.00041,215.011,1.63235
0.00041,209.867,1.6506
0.00041,204.989,1.66914
0.00041,200.027,1.68864
0.0004,309.763,1.48084
0.0004,305.043,1.48041
0.0004,299.929,1.47841
0.0004,294.966,1.47732
0.0004,289.966,1.47881
0.0004,284.951,1.48085
0.0004,279.885,1.48313
0.0004,274.874,1.48677
0.0004,269.91,1.49089
0.0004,264.984,1.49527
0.0004,259.877,1.50091
0.0004,254.992,1.50694
0.0004,249.877,1.51462
0.0004,244.884,1.52264
0.0004,239.884,1.53176
0.0004,234.869,1.54235
0.0004,229.867,1.55355
0.0004,224.877,1.56637
0.0004,219.876,1.58082
0.0004,215.011,1.59513
0.0004,209.867,1.61307
0.0004,204.989,1.63142
0.0004,200.027,1.65084
0.00039,309.763,1.44588
0.00039,305.043,1.44534
0.00039,299.929,1.4433
0.00039,294.966,1.44239
0.00039,289.966,1.4438
0.00039,284.951,1.44583
0.00039,279.885,1.44801
0.00039,274.874,1.45176
0.00039,269.91,1.45567
0.00039,264.984,1.46
0.00039,259.877,1.46556
0.00039,254.992,1.47148
0.00039,249.877,1.47897
0.00039,244.884,1.48696
0.00039,239.884,1.49575
0.00039,234.869,1.50617
0.00039,229.867,1.51729
0.00039,224.877,1.52994
0.00039,219.876,1.54386
0.00039,215.011,1.55796
0.00039,209.867,1.57547
0.00039,204.989,1.59345
0.00039,200.027,1.61248
0.00038,309.763,1.41074
0.00038,305.043,1.41022
0.00038,299.929,1.40821
0.00038,294.966,1.40742
0.00038,289.966,1.40878
0.00038,284.951,1.4109
0.00038,279.885,1.41291
0.00038,274.874,1.41634
0.00038,269.91,1.42044
0.00038,264.984,1.42458
0.00038,259.877,1.43007
0.00038,254.992,1.43597
0.00038,249.877,1.44338
0.00038,244.884,1.45111
0.00038,239.884,1.45977
0.00038,234.869,1.4699
0.00038,229.867,1.48061
0.00038,224.877,1.49319
0.00038,219.876,1.50664
0.00038,215.011,1.52058
0.00038,209.867,1.53775
0.00038,204.989,1.55535
0.00038,200.027,1.5739
0.00037,309.763,1.37531
0.00037,305.043,1.37484
0.00037,299.929,1.37308
0.00037,294.966,1.37219
0.00037,289.966,1.3735
0.00037,284.951,1.37572
0.00037,279.885,1.3776
0.00037,274.874,1.38095
0.00037,269.91,1.38499
0.00037,264.984,1.38904
0.00037,259.877,1.39452
0.00037,254.992,1.40018
0.00037,249.877,1.40744
0.00037,244.884,1.41512
0.00037,239.884,1.42377
0.00037,234.869,1.43346
0.00037,229.867,1.44401
0.00037,224.877,1.45615
0.00037,219.876,1.4694
0.00037,215.011,1.48299
0.00037,209.867,1.4998
0.00037,204.989,1.51719
0.00037,200.027,1.53544
0.00036,309.763,1.34001
0.00036,305.043,1.3394
0.00036,299.929,1.33782
0.00036,294.966,1.33696
0.00036,289.966,1.33818
0.00036,284.951,1.3403
0.00036,279.885,1.34221
0.00036,274.874,1.34546
0.00036,269.91,1.34955
0.00036,264.984,1.3534
0.00036,259.877,1.35875
0.00036,254.992,1.36449
0.00036,249.877,1.37155
0.00036,244.884,1.379
0.00036,239.884,1.38741
0.00036,234.869,1.39693
0.00036,229.867,1.40724
0.00036,224.877,1.41896
0.00036,219.876,1.43216
0.00036,215.011,1.44537
0.00036,209.867,1.46187
0.00036,204.989,1.47881
0.00036,200.027,1.49689
0.00035,309.763,1.30462
0.00035,305.043,1.30391
0.00035,299.929,1.3025
0.00035,294.966,1.30157
0.00035,289.966,1.30277
0.00035,284.951,1.30496
0.00035,279.885,1.30667
0.00035,274.874,1.30987
0.00035,269.91,1.31394
0.00035,264.984,1.31774
0.00035,259.877,1.32295
0.00035,254.992,1.32852
0.00035,249.877,1.33556
0.00035,244.884,1.34274
0.00035,239.884,1.351
0.00035,234.869,1.36023
0.00035,229.867,1.37032
0.00035,224.877,1.38179
0.00035,219.876,1.39469
0.00035,215.011,1.40759
0.00035,209.867,1.42375
0.00035,204.989,1.4402
0.00035,200.027,1.45788
0.00034,309.763,1.2691
0.00034,305.043,1.26833
0.00034,299.929,1.26705
0.00034,294.966,1.26603
0.00034,289.966,1.26736
0.00034,284.951,1.26946
0.00034,279.885,1.27106
0.00034,274.874,1.27417
0.00034,269.91,1.27805
0.00034,264.984,1.28189
0.00034,259.877,1.28699
0.00034,254.992,1.29247
0.00034,249.877,1.29927
0.00034,244.884,1.30632
0.00034,239.884,1.31442
0.00034,234.869,1.32346
0.00034,229.867,1.33338
0.00034,224.877,1.34457
0.00034,219.876,1.35707
0.00034,215.011,1.36974
0.00034,209.867,1.38544
0.00034,204.989,1.40156
0.00034,200.027,1.41887
0.00033,309.763,1.23334
0.00033,305.043,1.23264
0.00033,299.929,1.23147
0.00033,294.966,1.23048
0.00033,289.966,1.23173
0.00033,284.951,1.2339
0.00033,279.885,1.23533
0.00033,274.874,1.23835
0.00033,269.91,1.2422
0.00033,264.984,1.24593
0.00033,259.877,1.251
0.00033,254.992,1.25624
0.00033,249.877,1.26291
0.00033,244.884,1.26981
0.00033,239.884,1.2777
0.00033,234.869,1.28662
0.00033,229.867,1.29617
0.00033,224.877,1.30712
0.00033,219.876,1.31935
0.00033,215.011,1.3317
0.00033,209.867,1.34701
0.00033,204.989,1.36281
0.00033,200.027,1.37964
0.00032,309.763,1.1976
0.00032,305.043,1.1968
0.00032,299.929,1.19568
0.00032,294.966,1.19471
0.00032,289.966,1.19606
0.00032,284.951,1.19812
0.00032,279.885,1.1996
0.00032,274.874,1.20245
0.00032,269.91,1.20628
0.00032,264.984,1.20987
0.00032,259.877,1.21475
0.00032,254.992,1.21992
0.00032,249.877,1.22637
0.00032,244.884,1.23315
0.00032,239.884,1.24092
0.00032,234.869,1.24957
0.00032,229.867,1.25891
0.00032,224.877,1.26955
0.00032,219.876,1.2815
0.00032,215.011,1.29362
0.00032,209.867,1.30837
0.00032,204.989,1.32373
0.00032,200.027,1.34035
0.00031,309.763,1.16183
0.00031,305.043,1.16089
0.00031,299.929,1.15978
0.00031,294.966,1.1589
0.00031,289.966,1.16015
0.00031,284.951,1.1622
0.00031,279.885,1.16353
0.00031,274.874,1.16642
0.00031,269.91,1.17024
0.00031,264.984,1.17369
0.00031,259.877,1.17848
0.00031,254.992,1.18353
0.00031,249.877,1.18976
0.00031,244.884,1.19639
0.00031,239.884,1.20406
0.00031,234.869,1.21244
0.00031,229.867,1.22147
0.00031,224.877,1.23188
0.00031,219.876,1.24354
0.00031,215.011,1.25533
0.00031,209.867,1.26973
0.00031,204.989,1.2847
0.00031,200.027,1.30086
0.0003,309.763,1.126
0.0003,305.043,1.12516
0.0003,299.929,1.12393
0.0003,294.966,1.12309
0.0003,289.966,1.12426
0.0003,284.951,1.12624
0.0003,279.885,1.12743
0.0003,274.874,1.13032
0.0003,269.91,1.13403
0.0003,264.984,1.1373
0.0003,259.877,1.14199
0.0003,254.992,1.14687
0.0003,249.877,1.15307
0.0003,244.884,1.15947
0.0003,239.884,1.16696
0.0003,234.869,1.17513
0.0003,229.867,1.18402
0.0003,224.877,1.19394
0.0003,219.876,1.20544
0.0003,215.011,1.21688
0.0003,209.867,1.23085
0.0003,204.989,1.24556
0.0003,200.027,1.26123
0.00029,309.763,1.09006
0.00029,305.043,1.08908
0.00029,299.929,1.08799
0.00029,294.966,1.08698
0.00029,289.966,1.08822
0.00029,284.951,1.09007
0.00029,279.885,1.09126
0.00029,274.874,1.09409
0.00029,269.91,1.09773
0.00029,264.984,1.101
0.00029,259.877,1.10539
0.00029,254.992,1.11021
0.00029,249.877,1.11631
0.00029,244.884,1.12247
0.00029,239.884,1.12981
0.00029,234.869,1.1379
0.00029,229.867,1.14627
0.00029,224.877,1.15607
0.00029,219.876,1.16713
0.00029,215.011,1.17822
0.00029,209.867,1.19198
0.00029,204.989,1.20617
0.00029,200.027,1.22142
0.00028,309.763,1.05403
0.00028,305.043,1.05284
0.00028,299.929,1.05174
0.00028,294.966,1.05077
0.00028,289.966,1.05214
0.00028,284.951,1.05398
0.00028,279.885,1.05493
0.00028,274.874,1.05773
0.00028,269.91,1.06135
0.00028,264.984,1.06443
0.00028,259.877,1.06872
0.00028,254.992,1.07359
0.00028,249.877,1.07934
0.00028,244.884,1.08517
0.00028,239.884,1.09236
0.00028,234.869,1.10024
0.00028,229.867,1.10842
0.00028,224.877,1.1181
0.00028,219.876,1.12856
0.00028,215.011,1.13944
0.00028,209.867,1.1528
0.00028,204.989,1.16662
0.00028,200.027,1.18145
0.00027,309.763,1.01779
0.00027,305.043,1.01678
0.00027,299.929,1.01548
0.00027,294.966,1.01487
0.00027,289.966,1.01612
0.00027,284.951,1.01764
0.00027,279.885,1.01847
0.00027,274.874,1.02124
0.00027,269.91,1.02485
0.00027,264.984,1.02769
0.00027,259.877,1.03232
0.00027,254.992,1.0369
0.00027,249.877,1.04244
0.00027,244.884,1.04786
0.00027,239.884,1.05483
0.00027,234.869,1.06265
0.00027,229.867,1.07037
0.00027,224.877,1.07975
0.00027,219.876,1.09007
0.00027,215.011,1.10049
0.00027,209.867,1.11353
0.00027,204.989,1.12691
0.00027,200.027,1.14133
0.00026,309.763,0.981293
0.00026,305.043,0.98067
0.00026,299.929,0.979396
0.00026,294.966,0.978681
0.00026,289.966,0.979905
0.00026,284.951,0.981232
0.00026,279.885,0.981928
0.00026,274.874,0.984827
0.00026,269.91,0.988135
0.00026,264.984,0.991105
0.00026,259.877,0.995423
0.00026,254.992,0.999858
0.00026,249.877,1.00565
0.00026,244.884,1.01039
0.00026,239.884,1.01725
0.00026,234.869,1.02479
0.00026,229.867,1.0323
0.00026,224.877,1.04131
0.00026,219.876,1.05143
0.00026,215.011,1.06186
0.00026,209.867,1.07413
0.00026,204.989,1.08694
0.00026,200.027,1.10102
0.00025,309.763,0.944669
0.00025,305.043,0.944327
0.00025,299.929,0.942983
0.00025,294.966,0.942434
0.00025,289.966,0.943725
0.00025,284.951,0.945036
0.00025,279.885,0.945391
0.00025,274.874,0.948155
0.00025,269.91,0.951341
0.00025,264.984,0.954501
0.00025,259.877,0.958511
0.00025,254.992,0.962804
0.00025,249.877,0.96827
0.00025,244.884,0.973177
0.00025,239.884,0.97966
0.00025,234.869,0.986958
0.00025,229.867,0.993951
0.00025,224.877,1.00303
0.00025,219.876,1.01253
0.00025,215.011,1.02253
0.00025,209.867,1.03449
0.00025,204.989,1.04691
0.00025,200.027,1.06055
0.00024,309.763,0.90787
0.00024,305.043,0.907535
0.00024,299.929,0.906447
0.00024,294.966,0.905969
0.00024,289.966,0.907429
0.00024,284.951,0.908849
0.00024,279.885,0.908689
0.00024,274.874,0.91147
0.00024,269.91,0.914725
0.00024,264.984,0.918121
0.00024,259.877,0.921679
0.00024,254.992,0.925478
0.00024,249.877,0.931103
0.00024,244.884,0.935798
0.00024,239.884,0.942123
0.00024,234.869,0.948875
0.00024,229.867,0.955597
0.00024,224.877,0.964227
0.00024,219.876,0.973479
0.00024,215.011,0.983169
0.00024,209.867,0.994694
0.00024,204.989,1.00684
0.00024,200.027,1.01983
0.00023,309.763,0.871045
0.00023,305.043,0.870724
0.00023,299.929,0.86969
0.00023,294.966,0.869505
0.00023,289.966,0.870891
0.00023,284.951,0.871855
0.00023,279.885,0.872261
0.00023,274.874,0.874601
0.00023,269.91,0.877988
0.00023,264.984,0.881305
0.00023,259.877,0.884902
0.00023,254.992,0.888713
0.00023,249.877,0.893862
0.00023,244.884,0.898378
0.00023,239.884,0.904343
0.00023,234.869,0.910932
0.00023,229.867,0.917318
0.00023,224.877,0.925424
0.00023,219.876,0.934477
0.00023,215.011,0.943697
0.00023,209.867,0.954842
0.00023,204.989,0.966602
0.00023,200.027,0.979041
0.00022,309.763,0.834019
0.00022,305.043,0.833754
0.00022,299.929,0.832702
0.00022,294.966,0.83263
0.00022,289.966,0.833893
0.00022,284.951,0.835104
0.00022,279.885,0.835754
0.00022,274.874,0.837676
0.00022,269.91,0.840911
0.00022,264.984,0.844124
0.00022,259.877,0.847631
0.00022,254.992,0.851346
0.00022,249.877,0.856342
0.00022,244.884,0.860627
0.00022,239.884,0.866222
0.00022,234.869,0.872628
0.00022,229.867,0.878776
0.00022,224.877,0.886866
0.00022,219.876,0.895254
0.00022,215.011,0.904009
0.00022,209.867,0.914803
0.00022,204.989,0.926415
0.00022,200.027,0.938216
0.00021,309.763,0.796874
0.00021,305.043,0.796634
0.00021,299.929,0.795669
0.00021,294.966,0.795494
0.00021,289.966,0.796734
0.00021,284.951,0.798026
0.00021,279.885,0.798678
0.00021,274.874,0.8009
0.00021,269.91,0.803659
0.00021,264.984,0.806632
0.00021,259.877,0.810263
0.00021,254.992,0.813951
0.00021,249.877,0.81884
0.00021,244.884,0.822732
0.00021,239.884,0.828333
0.00021,234.869,0.83464
0.00021,229.867,0.840253
0.00021,224.877,0.848053
0.00021,219.876,0.856112
0.00021,215.011,0.864274
0.00021,209.867,0.874555
0.00021,204.989,0.885829
0.00021,200.027,0.897042
0.0002,309.763,0.759614
0.0002,305.043,0.759431
0.0002,299.929,0.758483
0.0002,294.966,0.75824
0.0002,289.966,0.759503
0.0002,284.951,0.760722
0.0002,279.885,0.761517
0.0002,274.874,0.763846
0.0002,269.91,0.766338
0.0002,264.984,0.769105
0.0002,259.877,0.772584
0.0002,254.992,0.77608
0.0002,249.877,0.780873
0.0002,244.884,0.784481
0.0002,239.884,0.790131
0.0002,234.869,0.796119
0.0002,229.867,0.80175
0.0002,224.877,0.80895
0.0002,219.876,0.816632
0.0002,215.011,0.824504
0.0002,209.867,0.834153
0.0002,204.989,0.845125
0.0002,200.027,0.855826
0.00019,309.763,0.722307
0.00019,305.043,0.722102
0.00019,299.929,0.721253
0.00019,294.966,0.72107
0.00019,289.966,0.722185
0.00019,284.951,0.723455
0.00019,279.885,0.724117
0.00019,274.874,0.726478
0.00019,269.91,0.728981
0.00019,264.984,0.731465
0.00019,259.877,0.734769
0.00019,254.992,0.738081
0.00019,249.877,0.742528
0.00019,244.884,0.746412
0.00019,239.884,0.751808
0.00019,234.869,0.757436
0.00019,229.867,0.762865
0.00019,224.877,0.769493
0.00019,219.876,0.777287
0.00019,215.011,0.784561
0.00019,209.867,0.794086
0.00019,204.989,0.804068
0.00019,200.027,0.814173
0.00018,309.763,0.68496
0.00018,305.043,0.684718
0.00018,299.929,0.68388
0.00018,294.966,0.683736
0.00018,289.966,0.684793
0.00018,284.951,0.685991
0.00018,279.885,0.686678
0.00018,274.874,0.688863
0.00018,269.91,0.691262
0.00018,264.984,0.693642
0.00018,259.877,0.696814
0.00018,254.992,0.699927
0.00018,249.877,0.70414
0.00018,244.884,0.708018
0.00018,239.884,0.713051
0.00018,234.869,0.718629
0.00018,229.867,0.723802
0.00018,224.877,0.73022
0.00018,219.876,0.737646
0.00018,215.011,0.744616
0.00018,209.867,0.753675
0.00018,204.989,0.762873
0.00018,200.027,0.772836
0.00017,309.763,0.647428
0.00017,305.043,0.647209
0.00017,299.929,0.646414
0.00017,294.966,0.646287
0.00017,289.966,0.64731
0.00017,284.951,0.648394
0.00017,279.885,0.649076
0.00017,274.874,0.651114
0.00017,269.91,0.653357
0.00017,264.984,0.655707
0.00017,259.877,0.65862
0.00017,254.992,0.661621
0.00017,249.877,0.66559
0.00017,244.884,0.669595
0.00017,239.884,0.674343
0.00017,234.869,0.679302
0.00017,229.867,0.684466
0.00017,224.877,0.690735
0.00017,219.876,0.698006
0.00017,215.011,0.704519
0.00017,209.867,0.713202
0.00017,204.989,0.721468
0.00017,200.027,0.731108
0.00016,309.763,0.609843
0.00016,305.043,0.609615
0.00016,299.929,0.608824
0.00016,294.966,0.608712
0.00016,289.966,0.609664
0.00016,284.951,0.610705
0.00016,279.885,0.611491
0.00016,274.874,0.613284
0.00016,269.91,0.61539
0.00016,264.984,0.617658
0.00016,259.877,0.62038
0.00016,254.992,0.623217
0.00016,249.877,0.626978
0.00016,244.884,0.630788
0.00016,239.884,0.635257
0.00016,234.869,0.64007
0.00016,229.867,0.645177
0.00016,224.877,0.651066
0.00016,219.876,0.65786
0.00016,215.011,0.664287
0.00016,209.867,0.672231
0.00016,204.989,0.680181
0.00016,200.027,0.68934
0.00015,309.763,0.572127
0.00015,305.043,0.571901
0.00015,299.929,0.571178
0.00015,294.966,0.571051
0.00015,289.966,0.571975
0.00015,284.951,0.572953
0.00015,279.885,0.573713
0.00015,274.874,0.575392
0.00015,269.91,0.57739
0.00015,264.984,0.579456
0.00015,259.877,0.58206
0.00015,254.992,0.584807
0.00015,249.877,0.588252
0.00015,244.884,0.591872
0.00015,239.884,0.59601
0.00015,234.869,0.600653
0.00015,229.867,0.605468
0.00015,224.877,0.611148
0.00015,219.876,0.617412
0.00015,215.011,0.623753
0.00015,209.867,0.631269
0.00015,204.989,0.639008
0.00015,200.027,0.647346
0.00014,309.763,0.534371
0.00014,305.043,0.534152
0.00014,299.929,0.533435
0.00014,294.966,0.533363
0.00014,289.966,0.534195
0.00014,284.951,0.535093
0.00014,279.885,0.535836
0.00014,274.874,0.5374
0.00014,269.91,0.539196
0.00014,264.984,0.541155
0.00014,259.877,0.543712
0.00014,254.992,0.546208
0.00014,249.877,0.549402
0.00014,244.884,0.552811
0.00014,239.884,0.556756
0.00014,234.869,0.561067
0.00014,229.867,0.565642
0.00014,224.877,0.571111
0.00014,219.876,0.576901
0.00014,215.011,0.582904
0.00014,209.867,0.590172
0.00014,204.989,0.597526
0.00014,200.027,0.605067
0.00013,309.763,0.496477
0.00013,305.043,0.496306
0.00013,299.929,0.495632
0.00013,294.966,0.495558
0.00013,289.966,0.496349
0.00013,284.951,0.497147
0.00013,279.885,0.497859
0.00013,274.874,0.499298
0.00013,269.91,0.500969
0.00013,264.984,0.502778
0.00013,259.877,0.505202
0.00013,254.992,0.507545
0.00013,249.877,0.510497
0.00013,244.884,0.513678
0.00013,239.884,0.51734
0.00013,234.869,0.521446
0.00013,229.867,0.525825
0.00013,224.877,0.530795
0.00013,219.876,0.536297
0.00013,215.011,0.54199
0.00013,209.867,0.548632
0.00013,204.989,0.555781
0.00013,200.027,0.562652
0.00012,309.763,0.458568
0.00012,305.043,0.458419
0.00012,299.929,0.457758
0.00012,294.966,0.457659
0.00012,289.966,0.458447
0.00012,284.951,0.459165
0.00012,279.885,0.459816
0.00012,274.874,0.46115
0.00012,269.91,0.462717
0.00012,264.984,0.464402
0.00012,259.877,0.466578
0.00012,254.992,0.468777
0.00012,249.877,0.471542
0.00012,244.884,0.474494
0.00012,239.884,0.477871
0.00012,234.869,0.481657
0.00012,229.867,0.485716
0.00012,224.877,0.490351
0.00012,219.876,0.495594
0.00012,215.011,0.50078
0.00012,209.867,0.506929
0.00012,204.989,0.513507
0.00012,200.027,0.520328
0.00011,309.763,0.420566
0.00011,305.043,0.420411
0.00011,299.929,0.41983
0.00011,294.966,0.419745
0.00011,289.966,0.42048
0.00011,284.951,0.421142
0.00011,279.885,0.421725
0.00011,274.874,0.422959
0.00011,269.91,0.424407
0.00011,264.984,0.42594
0.00011,259.877,0.42787
0.00011,254.992,0.429919
0.00011,249.877,0.432523
0.00011,244.884,0.435202
0.00011,239.884,0.438303
0.00011,234.869,0.441843
0.00011,229.867,0.445551
0.00011,224.877,0.449805
0.00011,219.876,0.454611
0.00011,215.011,0.459452
0.00011,209.867,0.465218
0.00011,204.989,0.471274
0.00011,200.027,0.47761
0.0001,309.763,0.382522
0.0001,305.043,0.382364
0.0001,299.929,0.381836
0.0001,294.966,0.381812
0.0001,289.966,0.382421
0.0001,284.951,0.383026
0.0001,279.885,0.38354
0.0001,274.874,0.384658
0.0001,269.91,0.386
0.0001,264.984,0.387412
0.0001,259.877,0.389159
0.0001,254.992,0.391034
0.0001,249.877,0.393397
0.0001,244.884,0.395856
0.0001,239.884,0.398729
0.0001,234.869,0.401872
0.0001,229.867,0.405325
0.0001,224.877,0.409178
0.0001,219.876,0.413578
0.0001,215.011,0.418038
0.0001,209.867,0.423335
0.0001,204.989,0.428887
0.0001,200.027,0.434745
9e-05,309.763,0.344424
9e-05,305.043,0.344272
9e-05,299.929,0.343754
9e-05,294.966,0.343775
9e-05,289.966,0.34433
9e-05,284.951,0.34489
9e-05,279.885,0.34535
9e-05,274.874,0.346372
9e-05,269.91,0.347542
9e-05,264.984,0.348813
9e-05,259.877,0.350392
9e-05,254.992,0.352119
9e-05,249.877,0.354215
9e-05,244.884,0.356417
9e-05,239.884,0.35904
9e-05,234.869,0.36189
9e-05,229.867,0.364999
9e-05,224.877,0.368445
9e-05,219.876,0.372501
9e-05,215.011,0.376498
9e-05,209.867,0.381414
9e-05,204.989,0.386324
9e-05,200.027,0.391668
8e-05,309.763,0.306262
8e-05,305.043,0.306105
8e-05,299.929,0.305642
8e-05,294.966,0.305676
8e-05,289.966,0.306184
8e-05,284.951,0.306666
8e-05,279.885,0.307066
8e-05,274.874,0.30801
8e-05,269.91,0.309064
8e-05,264.984,0.310199
8e-05,259.877,0.311579
8e-05,254.992,0.313114
8e-05,249.877,0.314987
8e-05,244.884,0.316968
8e-05,239.884,0.319267
8e-05,234.869,0.321861
8e-05,229.867,0.324579
8e-05,224.877,0.327716
8e-05,219.876,0.331322
8e-05,215.011,0.334967
8e-05,209.867,0.339405
8e-05,204.989,0.343662
8e-05,200.027,0.348559
7e-05,309.763,0.268078
7e-05,305.043,0.267937
7e-05,299.929,0.267518
7e-05,294.966,0.267551
7e-05,289.966,0.267995
7e-05,284.951,0.268398
7e-05,279.885,0.268759
7e-05,274.874,0.269581
7e-05,269.91,0.270518
7e-05,264.984,0.271485
7e-05,259.877,0.272705
7e-05,254.992,0.27407
7e-05,249.877,0.275737
7e-05,244.884,0.277471
7e-05,239.884,0.279509
7e-05,234.869,0.281808
7e-05,229.867,0.284184
7e-05,224.877,0.286875
7e-05,219.876,0.290089
7e-05,215.011,0.29321
7e-05,209.867,0.297182
7e-05,204.989,0.300917
7e-05,200.027,0.305361
6e-05,309.763,0.229839
6e-05,305.043,0.22973
6e-05,299.929,0.229374
6e-05,294.966,0.229381
6e-05,289.966,0.229786
6e-05,284.951,0.23012
6e-05,279.885,0.230415
6e-05,274.874,0.231123
6e-05,269.91,0.231914
6e-05,264.984,0.232748
6e-05,259.877,0.233813
6e-05,254.992,0.23498
6e-05,249.877,0.236438
6e-05,244.884,0.237932
6e-05,239.884,0.239713
6e-05,234.869,0.241656
6e-05,229.867,0.24374
6e-05,224.877,0.246024
6e-05,219.876,0.248738
6e-05,215.011,0.25146
6e-05,209.867,0.254869
6e-05,204.989,0.258128
6e-05,200.027,0.261899
5e-05,309.763,0.191578
5e-05,305.043,0.191478
5e-05,299.929,0.191186
5e-05,294.966,0.191185
5e-05,289.966,0.191508
5e-05,284.951,0.1918
5e-05,279.885,0.19206
5e-05,274.874,0.192621
5e-05,269.91,0.193288
5e-05,264.984,0.194007
5e-05,259.877,0.194897
5e-05,254.992,0.195857
5e-05,249.877,0.197049
5e-05,244.884,0.198341
5e-05,239.884,0.199831
5e-05,234.869,0.201461
5e-05,229.867,0.203212
5e-05,224.877,0.205099
5e-05,219.876,0.207376
5e-05,215.011,0.20966
5e-05,209.867,0.212495
5e-05,204.989,0.215255
5e-05,200.027,0.218368
4e-05,309.763,0.153276
4e-05,305.043,0.15321
4e-05,299.929,0.152957
4e-05,294.966,0.152955
4e-05,289.966,0.153213
4e-05,284.951,0.153448
4e-05,279.885,0.153659
4e-05,274.874,0.154109
4e-05,269.91,0.154641
4e-05,264.984,0.15523
4e-05,259.877,0.155938
4e-05,254.992,0.15671
4e-05,249.877,0.15766
4e-05,244.884,0.158718
4e-05,239.884,0.159891
4e-05,234.869,0.161201
4e-05,229.867,0.162628
4e-05,224.877,0.164126
4e-05,219.876,0.165938
4e-05,215.011,0.167806
4e-05,209.867,0.170045
4e-05,204.989,0.172284
4e-05,200.027,0.174789
3e-05,309.763,0.114961
3e-05,305.043,0.114897
3e-05,299.929,0.114698
3e-05,294.966,0.114707
3e-05,289.966,0.114903
3e-05,284.951,0.115074
3e-05,279.885,0.115241
3e-05,274.874,0.115582
3e-05,269.91,0.115965
3e-05,264.984,0.116408
3e-05,259.877,0.11693
3e-05,254.992,0.117524
3e-05,249.877,0.11825
3e-05,244.884,0.119018
3e-05,239.884,0.119912
3e-05,234.869,0.120901
3e-05,229.867,0.121984
3e-05,224.877,0.123104
3e-05,219.876,0.124494
3e-05,215.011,0.125864
3e-05,209.867,0.127554
3e-05,204.989,0.129225
3e-05,200.027,0.131093
2e-05,309.763,0.0766175
2e-05,305.043,0.076568
2e-05,299.929,0.0764367
2e-05,294.966,0.0764362
2e-05,289.966,0.0765718
2e-05,284.951,0.0766892
2e-05,279.885,0.0768039
2e-05,274.874,0.0770221
2e-05,269.91,0.0772733
2e-05,264.984,0.0775725
2e-05,259.877,0.0779242
2e-05,254.992,0.0783199
2e-05,249.877,0.0788149
2e-05,244.884,0.079315
2e-05,239.884,0.0799113
2e-05,234.869,0.0805731
2e-05,229.867,0.081298
2e-05,224.877,0.082051
2e-05,219.876,0.0829612
2e-05,215.011,0.0838884
2e-05,209.867,0.0850171
2e-05,204.989,0.086147
2e-05,200.027,0.087384
1e-05,309.763,0.0382364
1e-05,305.043,0.0382113
1e-05,299.929,0.0381473
1e-05,294.966,0.0381542
1e-05,289.966,0.0382159
1e-05,284.951,0.0382762
1e-05,279.885,0.0383311
1e-05,274.874,0.0384398
1e-05,269.91,0.0385701
1e-05,264.984,0.0387141
1e-05,259.877,0.0388912
1e-05,254.992,0.0390927
1e-05,249.877,0.0393311
1e-05,244.884,0.0395917
1e-05,239.884,0.0398951
1e-05,234.869,0.0402219
1e-05,229.867,0.0405811
1e-05,224.877,0.0409556
1e-05,219.876,0.0414128
1e-05,215.011,0.0418786
1e-05,209.867,0.0424398
1e-05,204.989,0.0430105
1e-05,200.027,0.0436319
0.0,309.763,-0.000166453
0.0,305.043,-0.000164927
0.0,299.929,-0.000156905
0.0,294.966,-0.000149294
0.0,289.966,-0.000156239
0.0,284.951,-0.000152172
0.0,279.885,-0.000151394
0.0,274.874,-0.000151756
0.0,269.91,-0.000151722
0.0,264.984,-0.000153753
0.0,259.877,-0.000155906
0.0,254.992,-0.000152382
0.0,249.877,-0.000148172
0.0,244.884,-0.000146094
0.0,239.884,-0.000144
0.0,234.869,-0.000147844
0.0,229.867,-0.000144689
0.0,224.877,-0.000158067
0.0,219.876,-0.000153728
0.0,215.011,-0.000151712
0.0,209.867,-0.000151961
0.0,204.989,-0.000145853
0.0,200.027,-0.000151329
-1e-05,309.763,-0.038583
-1e-05,305.043,-0.0385512
-1e-05,299.929,-0.0384752
-1e-05,294.966,-0.0384639
-1e-05,289.966,-0.038541
-1e-05,284.951,-0.0385916
-1e-05,279.885,-0.0386501
-1e-05,274.874,-0.0387565
-1e-05,269.91,-0.0388842
-1e-05,264.984,-0.0390279
-1e-05,259.877,-0.0392127
-1e-05,254.992,-0.0394076
-1e-05,249.877,-0.0396332
-1e-05,244.884,-0.0398895
-1e-05,239.884,-0.0401849
-1e-05,234.869,-0.0405222
-1e-05,229.867,-0.0408776
-1e-05,224.877,-0.041282
-1e-05,219.876,-0.04173
-1e-05,215.011,-0.0421874
-1e-05,209.867,-0.0427492
-1e-05,204.989,-0.0433058
-1e-05,200.027,-0.0439586
-2e-05,309.763,-0.0770162
-2e-05,305.043,-0.0769508
-2e-05,299.929,-0.0767986
-2e-05,294.966,-0.0767837
-2e-05,289.966,-0.0769347
-2e-05,284.951,-0.0770362
-2e-05,279.885,-0.0771457
-2e-05,274.874,-0.0773642
-2e-05,269.91,-0.0776216
-2e-05,264.984,-0.0779016
-2e-05,259.877,-0.0782801
-2e-05,254.992,-0.0786687
-2e-05,249.877,-0.0791276
-2e-05,244.884,-0.0796265
-2e-05,239.884,-0.0802308
-2e-05,234.869,-0.0808897
-2e-05,229.867,-0.0816022
-2e-05,224.877,-0.082408
-2e-05,219.876,-0.0833025
-2e-05,215.011,-0.0842231
-2e-05,209.867,-0.0853417
-2e-05,204.989,-0.0864648
-2e-05,200.027,-0.0877705
-3e-05,309.763,-0.115443
-3e-05,305.043,-0.115341
-3e-05,299.929,-0.11512
-3e-05,294.966,-0.115095
-3e-05,289.966,-0.115314
-3e-05,284.951,-0.115474
-3e-05,279.885,-0.115641
-3e-05,274.874,-0.11597
-3e-05,269.91,-0.116357
-3e-05,264.984,-0.116761
-3e-05,259.877,-0.117332
-3e-05,254.992,-0.117916
-3e-05,249.877,-0.118592
-3e-05,244.884,-0.119353
-3e-05,239.884,-0.120255
-3e-05,234.869,-0.121249
-3e-05,229.867,-0.122312
-3e-05,224.877,-0.123509
-3e-05,219.876,-0.124848
-3e-05,215.011,-0.126237
-3e-05,209.867,-0.127914
-3e-05,204.989,-0.129601
-3e-05,200.027,-0.131542
-4e-05,309.763,-0.153855
-4e-05,305.043,-0.153728
-4e-05,299.929,-0.153426
-4e-05,294.966,-0.153414
-4e-05,289.966,-0.153694
-4e-05,284.951,-0.153907
-4e-05,279.885,-0.154133
-4e-05,274.874,-0.154559
-4e-05,269.91,-0.155088
-4e-05,264.984,-0.155635
-4e-05,259.877,-0.15638
-4e-05,254.992,-0.157142
-4e-05,249.877,-0.158053
-4e-05,244.884,-0.159077
-4e-05,239.884,-0.160279
-4e-05,234.869,-0.161578
-4e-05,229.867,-0.16302
-4e-05,224.877,-0.164573
-4e-05,219.876,-0.166353
-4e-05,215.011,-0.168228
-4e-05,209.867,-0.170463
-4e-05,204.989,-0.172715
-4e-05,200.027,-0.17529
-5e-05,309.763,-0.192271
-5e-05,305.043,-0.192098
-5e-05,299.929,-0.191723
-5e-05,294.966,-0.191718
-5e-05,289.966,-0.192063
-5e-05,284.951,-0.192323
-5e-05,279.885,-0.192617
-5e-05,274.874,-0.193136
-5e-05,269.91,-0.1938
-5e-05,264.984,-0.194482
-5e-05,259.877,-0.195408
-5e-05,254.992,-0.196355
-5e-05,249.877,-0.1975
-5e-05,244.884,-0.198777
-5e-05,239.884,-0.200276
-5e-05,234.869,-0.201886
-5e-05,229.867,-0.203702
-5e-05,224.877,-0.205621
-5e-05,219.876,-0.207827
-5e-05,215.011,-0.210178
-5e-05,209.867,-0.212995
-5e-05,204.989,-0.215806
-5e-05,200.027,-0.219001
-6e-05,309.763,-0.230679
-6e-05,305.043,-0.230466
-6e-05,299.929,-0.230011
-6e-05,294.966,-0.229994
-6e-05,289.966,-0.230439
-6e-05,284.951,-0.230744
-6e-05,279.885,-0.231086
-6e-05,274.874,-0.231717
-6e-05,269.91,-0.232484
-6e-05,264.984,-0.233364
-6e-05,259.877,-0.234443
-6e-05,254.992,-0.235566
-6e-05,249.877,-0.236947
-6e-05,244.884,-0.238475
-6e-05,239.884,-0.24025
-6e-05,234.869,-0.242174
-6e-05,229.867,-0.244345
-6e-05,224.877,-0.24665
-6e-05,219.876,-0.249271
-6e-05,215.011,-0.252095
-6e-05,209.867,-0.25545
-6e-05,204.989,-0.258871
-6e-05,200.027,-0.26264
-7e-05,309.763,-0.269
-7e-05,305.043,-0.268777
-7e-05,299.929,-0.268245
-7e-05,294.966,-0.268245
-7e-05,289.966,-0.268743
-7e-05,284.951,-0.269108
-7e-05,279.885,-0.269509
-7e-05,274.874,-0.270253
-7e-05,269.91,-0.271139
-7e-05,264.984,-0.272122
-7e-05,259.877,-0.27336
-7e-05,254.992,-0.274742
-7e-05,249.877,-0.276314
-7e-05,244.884,-0.278103
-7e-05,239.884,-0.280154
-7e-05,234.869,-0.282398
-7e-05,229.867,-0.284952
-7e-05,224.877,-0.287592
-7e-05,219.876,-0.290659
-7e-05,215.011,-0.293992
-7e-05,209.867,-0.297824
-7e-05,204.989,-0.301835
-7e-05,200.027,-0.306282
-8e-05,309.763,-0.307309
-8e-05,305.043,-0.307071
-8e-05,299.929,-0.30645
-8e-05,294.966,-0.30646
-8e-05,289.966,-0.307028
-8e-05,284.951,-0.307436
-8e-05,279.885,-0.307882
-8e-05,274.874,-0.308734
-8e-05,269.91,-0.309745
-8e-05,264.984,-0.310889
-8e-05,259.877,-0.312276
-8e-05,254.992,-0.313847
-8e-05,249.877,-0.315582
-8e-05,244.884,-0.317678
-8e-05,239.884,-0.320022
-8e-05,234.869,-0.322564
-8e-05,229.867,-0.325469
-8e-05,224.877,-0.328518
-8e-05,219.876,-0.331989
-8e-05,215.011,-0.33576
-8e-05,209.867,-0.340208
-8e-05,204.989,-0.344736
-8e-05,200.027,-0.349858
-9e-05,309.763,-0.345591
-9e-05,305.043,-0.34535
-9e-05,299.929,-0.344641
-9e-05,294.966,-0.344631
-9e-05,289.966,-0.345259
-9e-05,284.951,-0.345734
-9e-05,279.885,-0.346216
-9e-05,274.874,-0.347208
-9e-05,269.91,-0.348311
-9e-05,264.984,-0.349615
-9e-05,259.877,-0.351156
-9e-05,254.992,-0.352927
-9e-05,249.877,-0.35487
-9e-05,244.884,-0.357176
-9e-05,239.884,-0.359862
-9e-05,234.869,-0.362732
-9e-05,229.867,-0.365891
-9e-05,224.877,-0.369342
-9e-05,219.876,-0.373266
-9e-05,215.011,-0.377486
-9e-05,209.867,-0.382478
-9e-05,204.989,-0.387594
-9e-05,200.027,-0.393332
-0.0001,309.763,-0.383888
-0.0001,305.043,-0.383603
-0.0001,299.929,-0.382806
-0.0001,294.966,-0.382794
-0.0001,289.966,-0.383465
-0.0001,284.951,-0.383997
-0.0001,279.885,-0.384536
-0.0001,274.874,-0.385622
-0.0001,269.91,-0.386861
-0.0001,264.984,-0.388302
-0.0001,259.877,-0.389973
-0.0001,254.992,-0.391966
-0.0001,249.877,-0.394113
-0.0001,244.884,-0.396682
-0.0001,239.884,-0.399619
-0.0001,234.869,-0.402819
-0.0001,229.867,-0.406335
-0.0001,224.877,-0.410129
-0.0001,219.876,-0.414457
-0.0001,215.011,-0.419139
-0.0001,209.867,-0.424691
-0.0001,204.989,-0.430327
-0.0001,200.027,-0.436596
-0.00011,309.763,-0.422118
-0.00011,305.043,-0.421821
-0.00011,299.929,-0.420971
-0.00011,294.966,-0.420915
-0.00011,289.966,-0.421685
-0.00011,284.951,-0.422238
-0.00011,279.885,-0.42286
-0.00011,274.874,-0.424056
-0.00011,269.91,-0.425394
-0.00011,264.984,-0.427022
-0.00011,259.877,-0.428835
-0.00011,254.992,-0.430971
-0.00011,249.877,-0.433376
-0.00011,244.884,-0.436129
-0.00011,239.884,-0.439332
-0.00011,234.869,-0.442834
-0.00011,229.867,-0.446665
-0.00011,224.877,-0.45083
-0.00011,219.876,-0.455557
-0.00011,215.011,-0.460676
-0.00011,209.867,-0.466796
-0.00011,204.989,-0.472949
-0.00011,200.027,-0.479918
-0.00012,309.763,-0.460326
-0.00012,305.043,-0.459999
-0.00012,299.929,-0.459106
-0.00012,294.966,-0.45903
-0.00012,289.966,-0.459854
-0.00012,284.951,-0.460458
-0.00012,279.885,-0.461204
-0.00012,274.874,-0.462475
-0.00012,269.91,-0.463974
-0.00012,264.984,-0.465695
-0.00012,259.877,-0.467666
-0.00012,254.992,-0.469979
-0.00012,249.877,-0.472585
-0.00012,244.884,-0.475556
-0.00012,239.884,-0.479052
-0.00012,234.869,-0.48285
-0.00012,229.867,-0.486949
-0.00012,224.877,-0.491443
-0.00012,219.876,-0.49664
-0.00012,215.011,-0.502138
-0.00012,209.867,-0.508799
-0.00012,204.989,-0.515604
-0.00012,200.027,-0.523091
-0.00013,309.763,-0.49852
-0.00013,305.043,-0.498126
-0.00013,299.929,-0.497154
-0.00013,294.966,-0.49715
-0.00013,289.966,-0.497998
-0.00013,284.951,-0.498661
-0.00013,279.885,-0.499478
-0.00013,274.874,-0.500849
-0.00013,269.91,-0.502457
-0.00013,264.984,-0.504309
-0.00013,259.877,-0.506494
-0.00013,254.992,-0.508902
-0.00013,249.877,-0.511736
-0.00013,244.884,-0.514987
-0.00013,239.884,-0.518766
-0.00013,234.869,-0.52286
-0.00013,229.867,-0.527255
-0.00013,224.877,-0.53207
-0.00013,219.876,-0.537621
-0.00013,215.011,-0.54351
-0.00013,209.867,-0.550684
-0.00013,204.989,-0.558018
-0.00013,200.027,-0.566215
-0.00014,309.763,-0.536648
-0.00014,305.043,-0.53627
-0.00014,299.929,-0.535171
-0.00014,294.966,-0.535201
-0.00014,289.966,-0.536112
-0.00014,284.951,-0.536824
-0.00014,279.885,-0.537727
-0.00014,274.874,-0.539131
-0.00014,269.91,-0.540895
-0.00014,264.984,-0.54288
-0.00014,259.877,-0.545258
-0.00014,254.992,-0.547826
-0.00014,249.877,-0.550938
-0.00014,244.884,-0.554387
-0.00014,239.884,-0.558382
-0.00014,234.869,-0.562732
-0.00014,229.867,-0.567514
-0.00014,224.877,-0.572701
-0.00014,219.876,-0.578585
-0.00014,215.011,-0.584839
-0.00014,209.867,-0.592464
-0.00014,204.989,-0.600297
-0.00014,200.027,-0.609215
-0.00015,309.763,-0.574762
-0.00015,305.043,-0.574371
-0.00015,299.929,-0.573212
-0.00015,294.966,-0.573193
-0.00015,289.966,-0.574179
-0.00015,284.951,-0.574967
-0.00015,279.885,-0.575873
-0.00015,274.874,-0.577424
-0.00015,269.91,-0.579296
-0.00015,264.984,-0.581359
-0.00015,259.877,-0.58392
-0.00015,254.992,-0.586709
-0.00015,249.877,-0.590031
-0.00015,244.884,-0.593769
-0.00015,239.884,-0.59795
-0.00015,234.869,-0.602624
-0.00015,229.867,-0.607712
-0.00015,224.877,-0.613238
-0.00015,219.876,-0.619555
-0.00015,215.011,-0.626209
-0.00015,209.867,-0.63424
-0.00015,204.989,-0.642638
-0.00015,200.027,-0.651971
-0.00016,309.763,-0.612857
-0.00016,305.043,-0.612449
-0.00016,299.929,-0.611234
-0.00016,294.966,-0.611125
-0.00016,289.966,-0.612192
-0.00016,284.951,-0.613015
-0.00016,279.885,-0.614008
-0.00016,274.874,-0.615638
-0.00016,269.91,-0.617657
-0.00016,264.984,-0.619884
-0.00016,259.877,-0.622611
-0.00016,254.992,-0.625507
-0.00016,249.877,-0.629023
-0.00016,244.884,-0.632946
-0.00016,239.884,-0.637441
-0.00016,234.869,-0.642417
-0.00016,229.867,-0.64789
-0.00016,224.877,-0.653694
-0.00016,219.876,-0.66037
-0.00016,215.011,-0.667562
-0.00016,209.867,-0.675971
-0.00016,204.989,-0.684908
-0.00016,200.027,-0.69474
-0.00017,309.763,-0.65092
-0.00017,305.043,-0.65049
-0.00017,299.929,-0.649246
-0.00017,294.966,-0.649102
-0.00017,289.966,-0.650178
-0.00017,284.951,-0.651056
-0.00017,279.885,-0.652154
-0.00017,274.874,-0.653837
-0.00017,269.91,-0.655988
-0.00017,264.984,-0.658329
-0.00017,259.877,-0.661264
-0.00017,254.992,-0.664286
-0.00017,249.877,-0.668085
-0.00017,244.884,-0.672169
-0.00017,239.884,-0.676869
-0.00017,234.869,-0.682187
-0.00017,229.867,-0.687865
-0.00017,224.877,-0.694042
-0.00017,219.876,-0.701148
-0.00017,215.011,-0.708703
-0.00017,209.867,-0.717659
-0.00017,204.989,-0.727081
-0.00017,200.027,-0.737341
-0.00018,309.763,-0.688948
-0.00018,305.043,-0.688469
-0.00018,299.929,-0.687147
-0.00018,294.966,-0.687003
-0.00018,289.966,-0.688152
-0.00018,284.951,-0.68907
-0.00018,279.885,-0.690249
-0.00018,274.874,-0.691936
-0.00018,269.91,-0.694243
-0.00018,264.984,-0.696808
-0.00018,259.877,-0.699805
-0.00018,254.992,-0.703054
-0.00018,249.877,-0.707007
-0.00018,244.884,-0.711376
-0.00018,239.884,-0.7163
-0.00018,234.869,-0.721917
-0.00018,229.867,-0.727834
-0.00018,224.877,-0.734358
-0.00018,219.876,-0.741819
-0.00018,215.011,-0.749867
-0.00018,209.867,-0.759206
-0.00018,204.989,-0.76926
-0.00018,200.027,-0.780066
-0.00019,309.763,-0.726891
-0.00019,305.043,-0.726399
-0.00019,299.929,-0.724995
-0.00019,294.966,-0.724847
-0.00019,289.966,-0.725987
-0.00019,284.951,-0.726993
-0.00019,279.885,-0.728235
-0.00019,274.874,-0.729895
-0.00019,269.91,-0.732302
-0.00019,264.984,-0.735056
-0.00019,259.877,-0.738298
-0.00019,254.992,-0.741756
-0.00019,249.877,-0.745869
-0.00019,244.884,-0.750447
-0.00019,239.884,-0.755685
-0.00019,234.869,-0.761522
-0.00019,229.867,-0.767761
-0.00019,224.877,-0.774558
-0.00019,219.876,-0.782478
-0.00019,215.011,-0.790983
-0.00019,209.867,-0.800783
-0.00019,204.989,-0.811209
-0.00019,200.027,-0.822717
-0.0002,309.763,-0.764676
-0.0002,305.043,-0.764203
-0.0002,299.929,-0.762724
-0.0002,294.966,-0.762513
-0.0002,289.966,-0.763512
-0.0002,284.951,-0.764693
-0.0002,279.885,-0.76611
-0.0002,274.874,-0.76777
-0.0002,269.91,-0.770247
-0.0002,264.984,-0.773135
-0.0002,259.877,-0.776657
-0.0002,254.992,-0.78018
-0.0002,249.877,-0.784732
-0.0002,244.884,-0.789228
-0.0002,239.884,-0.79493
-0.0002,234.869,-0.800937
-0.0002,229.867,-0.807536
-0.0002,224.877,-0.814709
-0.0002,219.876,-0.822939
-0.0002,215.011,-0.831817
-0.0002,209.867,-0.842093
-0.0002,204.989,-0.85301
-0.0002,200.027,-0.865186
-0.00021,309.763,-0.802502
-0.00021,305.043,-0.80204
-0.00021,299.929,-0.800545
-0.00021,294.966,-0.80027
-0.00021,289.966,-0.801238
-0.00021,284.951,-0.802406
-0.00021,279.885,-0.804029
-0.00021,274.874,-0.805802
-0.00021,269.91,-0.80832
-0.00021,264.984,-0.81143
-0.00021,259.877,-0.814988
-0.00021,254.992,-0.818592
-0.00021,249.877,-0.8235
-0.00021,244.884,-0.828132
-0.00021,239.884,-0.834184
-0.00021,234.869,-0.840538
-0.00021,229.867,-0.847351
-0.00021,224.877,-0.854896
-0.00021,219.876,-0.863416
-0.00021,215.011,-0.872704
-0.00021,209.867,-0.883537
-0.00021,204.989,-0.894753
-0.00021,200.027,-0.907499
-0.00022,309.763,-0.840286
-0.00022,305.043,-0.83986
-0.00022,299.929,-0.838231
-0.00022,294.966,-0.83787
-0.00022,289.966,-0.838957
-0.00022,284.951,-0.840203
-0.00022,279.885,-0.84182
-0.00022,274.874,-0.843723
-0.00022,269.91,-0.846357
-0.00022,264.984,-0.849706
-0.00022,259.877,-0.853256
-0.00022,254.992,-0.857093
-0.00022,249.877,-0.862059
-0.00022,244.884,-0.867004
-0.00022,239.884,-0.873356
-0.00022,234.869,-0.879915
-0.00022,229.867,-0.887104
-0.00022,224.877,-0.894984
-0.00022,219.876,-0.9039
-0.00022,215.011,-0.913458
-0.00022,209.867,-0.924657
-0.00022,204.989,-0.936582
-0.00022,200.027,-0.949592
-0.00023,309.763,-0.878085
-0.00023,305.043,-0.877629
-0.00023,299.929,-0.875943
-0.00023,294.966,-0.875484
-0.00023,289.966,-0.876711
-0.00023,284.951,-0.878017
-0.00023,279.885,-0.87961
-0.00023,274.874,-0.881693
-0.00023,269.91,-0.884355
-0.00023,264.984,-0.887869
-0.00023,259.877,-0.891506
-0.00023,254.992,-0.895486
-0.00023,249.877,-0.900678
-0.00023,244.884,-0.905814
-0.00023,239.884,-0.912524
-0.00023,234.869,-0.919305
-0.00023,229.867,-0.926776
-0.00023,224.877,-0.934926
-0.00023,219.876,-0.94429
-0.00023,215.011,-0.954205
-0.00023,209.867,-0.965887
-0.00023,204.989,-0.978107
-0.00023,200.027,-0.991758
-0.00024,309.763,-0.915906
-0.00024,305.043,-0.915427
-0.00024,299.929,-0.913671
-0.00024,294.966,-0.913216
-0.00024,289.966,-0.914441
-0.00024,284.951,-0.915758
-0.00024,279.885,-0.917431
-0.00024,274.874,-0.919611
-0.00024,269.91,-0.922371
-0.00024,264.984,-0.926048
-0.00024,259.877,-0.929801
-0.00024,254.992,-0.933934
-0.00024,249.877,-0.939299
-0.00024,244.884,-0.944658
-0.00024,239.884,-0.951448
-0.00024,234.869,-0.958715
-0.00024,229.867,-0.966307
-0.00024,224.877,-0.97487
-0.00024,219.876,-0.984504
-0.00024,215.011,-0.994919
-0.00024,209.867,-1.00712
-0.00024,204.989,-1.01966
-0.00024,200.027,-1.03378
-0.00025,309.763,-0.95361
-0.00025,305.043,-0.953158
-0.00025,299.929,-0.951258
-0.00025,294.966,-0.950864
-0.00025,289.966,-0.952129
-0.00025,284.951,-0.953497
-0.00025,279.885,-0.955238
-0.00025,274.874,-0.957501
-0.00025,269.91,-0.960411
-0.00025,264.984,-0.964113
-0.00025,259.877,-0.968088
-0.00025,254.992,-0.972409
-0.00025,249.877,-0.977878
-0.00025,244.884,-0.983439
-0.00025,239.884,-0.990515
-0.00025,234.869,-0.997916
-0.00025,229.867,-1.00592
-0.00025,224.877,-1.01455
-0.00025,219.876,-1.0246
-0.00025,215.011,-1.03546
-0.00025,209.867,-1.04823
-0.00025,204.989,-1.06125
-0.00025,200.027,-1.07597
-0.00026,309.763,-0.991392
-0.00026,305.043,-0.990823
-0.00026,299.929,-0.988962
-0.00026,294.966,-0.988518
-0.00026,289.966,-0.989752
-0.00026,284.951,-0.991166
-0.00026,279.885,-0.992958
-0.00026,274.874,-0.995315
-0.00026,269.91,-0.998435
-0.00026,264.984,-1.00214
-0.00026,259.877,-1.0063
-0.00026,254.992,-1.01076
-0.00026,249.877,-1.01638
-0.00026,244.884,-1.02227
-0.00026,239.884,-1.02932
-0.00026,234.869,-1.03702
-0.00026,229.867,-1.04545
-0.00026,224.877,-1.05432
-0.00026,219.876,-1.06483
-0.00026,215.011,-1.07594
-0.00026,209.867,-1.08919
-0.00026,204.989,-1.10281
-0.00026,200.027,-1.11808
-0.00027,309.763,-1.02912
-0.00027,305.043,-1.02853
-0.00027,299.929,-1.02659
-0.00027,294.966,-1.02603
-0.00027,289.966,-1.02736
-0.00027,284.951,-1.02884
-0.00027,279.885,-1.03069
-0.00027,274.874,-1.03317
-0.00027,269.91,-1.03631
-0.00027,264.984,-1.04017
-0.00027,259.877,-1.04447
-0.00027,254.992,-1.04911
-0.00027,249.877,-1.05489
-0.00027,244.884,-1.061
-0.00027,239.884,-1.06827
-0.00027,234.869,-1.07623
-0.00027,229.867,-1.0849
-0.00027,224.877,-1.09401
-0.00027,219.876,-1.10493
-0.00027,215.011,-1.11659
-0.00027,209.867,-1.13009
-0.00027,204.989,-1.14407
-0.00027,200.027,-1.16006
-0.00028,309.763,-1.06676
-0.00028,305.043,-1.06614
-0.00028,299.929,-1.06421
-0.00028,294.966,-1.06361
-0.00028,289.966,-1.06497
-0.00028,284.951,-1.06645
-0.00028,279.885,-1.06837
-0.00028,274.874,-1.07099
-0.00028,269.91,-1.0742
-0.00028,264.984,-1.07812
-0.00028,259.877,-1.08266
-0.00028,254.992,-1.08741
-0.00028,249.877,-1.09324
-0.00028,244.884,-1.09964
-0.00028,239.884,-1.10717
-0.00028,234.869,-1.11527
-0.00028,229.867,-1.12421
-0.00028,224.877,-1.13374
-0.00028,219.876,-1.14487
-0.00028,215.011,-1.15707
-0.00028,209.867,-1.17106
-0.00028,204.989,-1.18527
-0.00028,200.027,-1.2017
-0.00029,309.763,-1.10436
-0.00029,305.043,-1.10373
-0.00029,299.929,-1.10175
-0.00029,294.966,-1.10117
-0.00029,289.966,-1.10251
-0.00029,284.951,-1.10405
-0.00029,279.885,-1.10606
-0.00029,274.874,-1.10869
-0.00029,269.91,-1.11204
-0.00029,264.984,-1.11608
-0.00029,259.877,-1.12077
-0.00029,254.992,-1.12568
-0.00029,249.877,-1.13166
-0.00029,244.884,-1.13825
-0.00029,239.884,-1.14596
-0.00029,234.869,-1.15418
-0.00029,229.867,-1.16365
-0.00029,224.877,-1.17327
-0.00029,219.876,-1.18484
-0.00029,215.011,-1.19737
-0.00029,209.867,-1.21189
-0.00029,204.989,-1.22656
-0.00029,200.027,-1.24347
-0.0003,309.763,-1.14195
-0.0003,305.043,-1.14134
-0.0003,299.929,-1.13923
-0.0003,294.966,-1.13867
-0.0003,289.966,-1.14005
-0.0003,284.951,-1.14161
-0.0003,279.885,-1.14365
-0.0003,274.874,-1.14641
-0.0003,269.91,-1.14983
-0.0003,264.984,-1.15397
-0.0003,259.877,-1.15884
-0.0003,254.992,-1.16392
-0.0003,249.877,-1.17004
-0.0003,244.884,-1.1768
-0.0003,239.884,-1.18475
-0.0003,234.869,-1.19317
-0.0003,229.867,-1.20286
-0.0003,224.877,-1.21288
-0.0003,219.876,-1.22485
-0.0003,215.011,-1.23768
-0.0003,209.867,-1.25272
-0.0003,204.989,-1.26782
-0.0003,200.027,-1.28519
-0.00031,309.763,-1.17957
-0.00031,305.043,-1.17872
-0.00031,299.929,-1.1768
-0.00031,294.966,-1.17607
-0.00031,289.966,-1.17756
-0.00031,284.951,-1.17915
-0.00031,279.885,-1.18125
-0.00031,274.874,-1.18416
-0.00031,269.91,-1.18757
-0.00031,264.984,-1.19182
-0.00031,259.877,-1.19682
-0.00031,254.992,-1.20208
-0.00031,249.877,-1.20842
-0.00031,244.884,-1.21535
-0.00031,239.884,-1.22346
-0.00031,234.869,-1.23214
-0.00031,229.867,-1.24213
-0.00031,224.877,-1.2525
-0.00031,219.876,-1.26481
-0.00031,215.011,-1.27787
-0.00031,209.867,-1.29324
-0.00031,204.989,-1.30891
-0.00031,200.027,-1.32694
-0.00032,309.763,-1.21705
-0.00032,305.043,-1.21622
-0.00032,299.929,-1.21416
-0.00032,294.966,-1.21349
-0.00032,289.966,-1.215
-0.00032,284.951,-1.21661
-0.00032,279.885,-1.21883
-0.00032,274.874,-1.22179
-0.00032,269.91,-1.22525
-0.00032,264.984,-1.22956
-0.00032,259.877,-1.23476
-0.00032,254.992,-1.24021
-0.00032,249.877,-1.2467
-0.00032,244.884,-1.25388
-0.00032,239.884,-1.26214
-0.00032,234.869,-1.27106
-0.00032,229.867,-1.28128
-0.00032,224.877,-1.29208
-0.00032,219.876,-1.30469
-0.00032,215.011,-1.3182
-0.00032,209.867,-1.33381
-0.00032,204.989,-1.34983
-0.00032,200.027,-1.36849
-0.00033,309.763,-1.25449
-0.00033,305.043,-1.25379
-0.00033,299.929,-1.25153
-0.00033,294.966,-1.25092
-0.00033,289.966,-1.25247
-0.00033,284.951,-1.25405
-0.00033,279.885,-1.25627
-0.00033,274.874,-1.2593
-0.00033,269.91,-1.26294
-0.00033,264.984,-1.26734
-0.00033,259.877,-1.27261
-0.00033,254.992,-1.27833
-0.00033,249.877,-1.28497
-0.00033,244.884,-1.29234
-0.00033,239.884,-1.30079
-0.00033,234.869,-1.30991
-0.00033,229.867,-1.32052
-0.00033,224.877,-1.33157
-0.00033,219.876,-1.3445
-0.00033,215.011,-1.35821
-0.00033,209.867,-1.37433
-0.00033,204.989,-1.39099
-0.00033,200.027,-1.4101
-0.00034,309.763,-1.29194
-0.00034,305.043,-1.29117
-0.00034,299.929,-1.28883
-0.00034,294.966,-1.28826
-0.00034,289.966,-1.28984
-0.00034,284.951,-1.29149
-0.00034,279.885,-1.29378
-0.00034,274.874,-1.29676
-0.00034,269.91,-1.3006
-0.00034,264.984,-1.30497
-0.00034,259.877,-1.31042
-0.00034,254.992,-1.31638
-0.00034,249.877,-1.32318
-0.00034,244.884,-1.33074
-0.00034,239.884,-1.33938
-0.00034,234.869,-1.34878
-0.00034,229.867,-1.35962
-0.00034,224.877,-1.37102
-0.00034,219.876,-1.38434
-0.00034,215.011,-1.39853
-0.00034,209.867,-1.41489
-0.00034,204.989,-1.43194
-0.00034,200.027,-1.45156
-0.00035,309.763,-1.32933
-0.00035,305.043,-1.32859
-0.00035,299.929,-1.3262
-0.00035,294.966,-1.32566
-0.00035,289.966,-1.3272
-0.00035,284.951,-1.32893
-0.00035,279.885,-1.33124
-0.00035,274.874,-1.33432
-0.00035,269.91,-1.33815
-0.00035,264.984,-1.34273
-0.00035,259.877,-1.34833
-0.00035,254.992,-1.35436
-0.00035,249.877,-1.36135
-0.00035,244.884,-1.36908
-0.00035,239.884,-1.37798
-0.00035,234.869,-1.38763
-0.00035,229.867,-1.39861
-0.00035,224.877,-1.41038
-0.00035,219.876,-1.42406
-0.00035,215.011,-1.43852
-0.00035,209.867,-1.4556
-0.00035,204.989,-1.47291
-0.00035,200.027,-1.49323
-0.00036,309.763,-1.36666
-0.00036,305.043,-1.36583
-0.00036,299.929,-1.36328
-0.00036,294.966,-1.36296
-0.00036,289.966,-1.36454
-0.00036,284.951,-1.36626
-0.00036,279.885,-1.36866
-0.00036,274.874,-1.37173
-0.00036,269.91,-1.37574
-0.00036,264.984,-1.38039
-0.00036,259.877,-1.38612
-0.00036,254.992,-1.39231
-0.00036,249.877,-1.39937
-0.00036,244.884,-1.40732
-0.00036,239.884,-1.41654
-0.00036,234.869,-1.42654
-0.00036,229.867,-1.43765
-0.00036,224.877,-1.44978
-0.00036,219.876,-1.46363
-0.00036,215.011,-1.47857
-0.00036,209.867,-1.49608
-0.00036,204.989,-1.51373
-0.00036,200.027,-1.53448
-0.00037,309.763,-1.40366
-0.00037,305.043,-1.40303
-0.00037,299.929,-1.40043
-0.00037,294.966,-1.39995
-0.00037,289.966,-1.40174
-0.00037,284.951,-1.40363
-0.00037,279.885,-1.40608
-0.00037,274.874,-1.40915
-0.00037,269.91,-1.41324
-0.00037,264.984,-1.41797
-0.00037,259.877,-1.4238
-0.00037,254.992,-1.43021
-0.00037,249.877,-1.43749
-0.00037,244.884,-1.44558
-0.00037,239.884,-1.45506
-0.00037,234.869,-1.46524
-0.00037,229.867,-1.47667
-0.00037,224.877,-1.48889
-0.00037,219.876,-1.5033
-0.00037,215.011,-1.51856
-0.00037,209.867,-1.5366
-0.00037,204.989,-1.55448
-0.00037,200.027,-1.57566
-0.00038,309.763,-1.44071
-0.00038,305.043,-1.44017
-0.00038,299.929,-1.43753
-0.00038,294.966,-1.43709
-0.00038,289.966,-1.43906
-0.00038,284.951,-1.44088
-0.00038,279.885,-1.44336
-0.00038,274.874,-1.44653
-0.00038,269.91,-1.45067
-0.00038,264.984,-1.45565
-0.00038,259.877,-1.46158
-0.00038,254.992,-1.46802
-0.00038,249.877,-1.47558
-0.00038,244.884,-1.48376
-0.00038,239.884,-1.49349
-0.00038,234.869,-1.50382
-0.00038,229.867,-1.51566
-0.00038,224.877,-1.52822
-0.00038,219.876,-1.5429
-0.00038,215.011,-1.55845
-0.00038,209.867,-1.57689
-0.00038,204.989,-1.59526
-0.00038,200.027,-1.6171
-0.00039,309.763,-1.4774
-0.00039,305.043,-1.47742
-0.00039,299.929,-1.47446
-0.00039,294.966,-1.47399
-0.00039,289.966,-1.47623
-0.00039,284.951,-1.47811
-0.00039,279.885,-1.48059
-0.00039,274.874,-1.48385
-0.00039,269.91,-1.48807
-0.00039,264.984,-1.49311
-0.00039,259.877,-1.49923
-0.00039,254.992,-1.50577
-0.00039,249.877,-1.51362
-0.00039,244.884,-1.52192
-0.00039,239.884,-1.53188
-0.00039,234.869,-1.54246
-0.00039,229.867,-1.5545
-0.00039,224.877,-1.56729
-0.00039,219.876,-1.58254
-0.00039,215.011,-1.59843
-0.00039,209.867,-1.61729
-0.00039,204.989,-1.63615
-0.00039,200.027,-1.65818
-0.0004,309.763,-1.51424
-0.0004,305.043,-1.5144
-0.0004,299.929,-1.51151
-0.0004,294.966,-1.51096
-0.0004,289.966,-1.51311
-0.0004,284.951,-1.51526
-0.0004,279.885,-1.51769
-0.0004,274.874,-1.52117
-0.0004,269.91,-1.52554
-0.0004,264.984,-1.53057
-0.0004,259.877,-1.53656
-0.0004,254.992,-1.54358
-0.0004,249.877,-1.55145
-0.0004,244.884,-1.55999
-0.0004,239.884,-1.57017
-0.0004,234.869,-1.58112
-0.0004,229.867,-1.59338
-0.0004,224.877,-1.60625
-0.0004,219.876,-1.62214
-0.0004,215.011,-1.63831
-0.0004,209.867,-1.65746
-0.0004,204.989,-1.67691
-0.0004,200.027,-1.69933
-0.00041,309.763,-1.551
-0.00041,305.043,-1.55104
-0.00041,299.929,-1.54812
-0.00041,294.966,-1.54754
-0.00041,289.966,-1.54998
-0.00041,284.951,-1.55213
-0.00041,279.885,-1.55477
-0.00041,274.874,-1.55833
-0.00041,269.91,-1.56281
-0.00041,264.984,-1.568
-0.00041,259.877,-1.57412
-0.00041,254.992,-1.58129
-0.00041,249.877,-1.58938
-0.00041,244.884,-1.59803
-0.00041,239.884,-1.60824
-0.00041,234.869,-1.61954
-0.00041,229.867,-1.6323
-0.00041,224.877,-1.6454
-0.00041,219.876,-1.6616
-0.00041,215.011,-1.67797
-0.00041,209.867,-1.69758
-0.00041,204.989,-1.7174
-0.00041,200.027,-1.74053
-0.00042,309.763,-1.58802
-0.00042,305.043,-1.58796
-0.00042,299.929,-1.58495
-0.00042,294.966,-1.58437
-0.00042,289.966,-1.58663
-0.00042,284.951,-1.58904
-0.00042,279.885,-1.59169
-0.00042,274.874,-1.59535
-0.00042,269.91,-1.60015
-0.00042,264.984,-1.60538
-0.00042,259.877,-1.61163
-0.00042,254.992,-1.619
-0.00042,249.877,-1.62691
-0.00042,244.884,-1.63589
-0.00042,239.884,-1.64634
-0.00042,234.869,-1.65796
-0.00042,229.867,-1.67104
-0.00042,224.877,-1.68449
-0.00042,219.876,-1.70091
-0.00042,215.011,-1.71755
-0.00042,209.867,-1.73766
-0.00042,204.989,-1.75793
-0.00042,200.027,-1.78157
-0.00043,309.763,-1.62489
-0.00043,305.043,-1.62496
-0.00043,299.929,-1.62182
-0.00043,294.966,-1.62111
-0.00043,289.966,-1.62306
-0.00043,284.951,-1.62591
-0.00043,279.885,-1.62851
-0.00043,274.874,-1.63233
-0.00043,269.91,-1.63727
-0.00043,264.984,-1.64252
-0.00043,259.877,-1.64916
-0.00043,254.992,-1.65642
-0.00043,249.877,-1.66464
-0.00043,244.884,-1.67362
-0.00043,239.884,-1.68415
-0.00043,234.869,-1.69605
-0.00043,229.867,-1.70959
-0.00043,224.877,-1.72328
-0.00043,219.876,-1.74017
-0.00043,215.011,-1.75723
-0.00043,209.867,-1.77755
-0.00043,204.989,-1.79844
-0.00043,200.027,-1.82261
-0.00044,309.763,-1.66201
-0.00044,305.043,-1.66171
-0.00044,299.929,-1.65842
-0.00044,294.966,-1.65781
-0.00044,289.966,-1.65937
-0.00044,284.951,-1.66216
-0.00044,279.885,-1.66554
-0.00044,274.874,-1.66935
-0.00044,269.91,-1.67392
-0.00044,264.984,-1.67965
-0.00044,259.877,-1.68653
-0.00044,254.992,-1.6936
-0.00044,249.877,-1.70211
-0.00044,244.884,-1.71121
-0.00044,239.884,-1.72202
-0.00044,234.869,-1.73398
-0.00044,229.867,-1.74808
-0.00044,224.877,-1.7619
-0.00044,219.876,-1.77941
-0.00044,215.011,-1.79656
-0.00044,209.867,-1.81744
-0.00044,204.989,-1.83886
-0.00044,200.027,-1.86352
-0.00045,309.763,-1.69915
-0.00045,305.043,-1.69865
-0.00045,299.929,-1.69518
-0.00045,294.966,-1.69428
-0.00045,289.966,-1.69626
-0.00045,284.951,-1.69843
-0.00045,279.885,-1.70243
-0.00045,274.874,-1.70603
-0.00045,269.91,-1.71105
-0.00045,264.984,-1.7166
-0.00045,259.877,-1.72381
-0.00045,254.992,-1.73067
-0.00045,249.877,-1.73954
-0.00045,244.884,-1.7488
-0.00045,239.884,-1.75959
-0.00045,234.869,-1.77231
-0.00045,229.867,-1.7861
-0.00045,224.877,-1.80051
-0.00045,219.876,-1.8186
-0.00045,215.011,-1.83624
-0.00045,209.867,-1.85714
-0.00045,204.989,-1.8792
-0.00045,200.027,-1.90436
-0.00046,309.763,-1.73622
-0.00046,305.043,-1.73548
-0.00046,299.929,-1.73207
-0.00046,294.966,-1.73078
-0.00046,289.966,-1.7326
-0.00046,284.951,-1.73526
-0.00046,279.885,-1.73912
-0.00046,274.874,-1.74289
-0.00046,269.91,-1.74808
-0.00046,264.984,-1.75363
-0.00046,259.877,-1.76095
-0.00046,254.992,-1.76789
-0.00046,249.877,-1.77704
-0.00046,244.884,-1.78659
-0.00046,239.884,-1.79748
-0.00046,234.869,-1.81041
-0.00046,229.867,-1.82436
-0.00046,224.877,-1.83933
-0.00046,219.876,-1.85744
-0.00046,215.011,-1.8758
-0.00046,209.867,-1.89676
-0.00046,204.989,-1.91939
-0.00046,200.027,-1.94517
-0.00047,309.763,-1.77337
-0.00047,305.043,-1.77242
-0.00047,299.929,-1.76894
-0.00047,294.966,-1.76758
-0.00047,289.966,-1.76946
-0.00047,284.951,-1.77211
-0.00047,279.885,-1.77569
-0.00047,274.874,-1.77973
-0.00047,269.91,-1.78508
-0.00047,264.984,-1.79068
-0.00047,259.877,-1.79809
-0.00047,254.992,-1.80496
-0.00047,249.877,-1.81394
-0.00047,244.884,-1.82401
-0.00047,239.884,-1.83546
-0.00047,234.869,-1.84816
-0.00047,229.867,-1.86275
-0.00047,224.877,-1.87803
-0.00047,219.876,-1.89641
-0.00047,215.011,-1.91498
-0.00047,209.867,-1.93626
-0.00047,204.989,-1.95944
-0.00047,200.027,-1.98577
-0.00048,309.763,-1.81034
-0.00048,305.043,-1.80928
-0.00048,299.929,-1.8058
-0.00048,294.966,-1.80439
-0.00048,289.966,-1.80623
-0.00048,284.951,-1.80881
-0.00048,279.885,-1.81251
-0.00048,274.874,-1.81633
-0.00048,269.91,-1.82193
-0.00048,264.984,-1.8277
-0.00048,259.877,-1.83535
-0.00048,254.992,-1.84202
-0.00048,249.877,-1.85132
-0.00048,244.884,-1.86149
-0.00048,239.884,-1.87317
-0.00048,234.869,-1.88608
-0.00048,229.867,-1.90061
-0.00048,224.877,-1.91647
-0.00048,219.876,-1.93515
-0.00048,215.011,-1.95408
-0.00048,209.867,-1.97583
-0.00048,204.989,-1.99942
-0.00048,200.027,-2.02626
-0.00049,309.763,-1.84731
-0.00049,305.043,-1.84613
-0.00049,299.929,-1.84254
-0.00049,294.966,-1.84118
-0.00049,289.966,-1.84311
-0.00049,284.951,-1.8456
-0.00049,279.885,-1.84931
-0.00049,274.874,-1.85326
-0.00049,269.91,-1.85869
-0.00049,264.984,-1.86442
-0.00049,259.877,-1.87237
-0.00049,254.992,-1.87934
-0.00049,249.877,-1.88857
-0.00049,244.884,-1.89918
-0.00049,239.884,-1.91097
-0.00049,234.869,-1.92412
-0.00049,229.867,-1.93829
-0.00049,224.877,-1.95511
-0.00049,219.876,-1.9739
-0.00049,215.011,-1.99316
-0.00049,209.867,-2.01548
-0.00049,204.989,-2.03923
-0.00049,200.027,-2.06662
-0.0005,309.763,-1.8843
-0.0005,305.043,-1.88287
-0.0005,299.929,-1.87918
-0.0005,294.966,-1.87803
-0.0005,289.966,-1.8797
-0.0005,284.951,-1.88243
-0.0005,279.885,-1.88612
-0.0005,274.874,-1.89006
-0.0005,269.91,-1.89557
-0.0005,264.984,-1.90147
-0.0005,259.877,-1.90913
-0.0005,254.992,-1.91641
-0.0005,249.877,-1.92588
-0.0005,244.884,-1.93701
-0.0005,239.884,-1.94859
-0.0005,234.869,-1.9621
-0.0005,229.867,-1.97638
-0.0005,224.877,-1.99376
-0.0005,219.876,-2.01269
-0.0005,215.011,-2.03222
-0.0005,209.867,-2.05497
-0.0005,204.989,-2.07913
