0.00000E+0;3.10110E+2;3.04981E+2;2.99988E+2;2.94999E+2;2.89885E+2;2.84940E+2;2.79902E+2;2.74966E+2;2.69941E+2;2.64929E+2;2.59908E+2;2.54900E+2;2.49883E+2;2.44885E+2;2.39877E+2;2.34898E+2;2.29986E+2;2.24987E+2;2.19986E+2;2.14975E+2;2.09979E+2;2.04950E+2;1.99947E+2;1.94954E+2;1.89939E+2;1.84937E+2;1.79938E+2;1.74935E+2;1.69928E+2;1.64936E+2;1.59905E+2;1.54928E+2;1.49954E+2;1.44982E+2;1.39888E+2;1.34902E+2;1.29929E+2;1.24967E+2;1.19985E+2;1.14988E+2;1.09889E+2;1.04902E+2;9.99123E+1;9.49129E+1;8.99020E+1;8.48985E+1;7.99870E+1;7.49500E+1;6.99047E+1;6.49562E+1;6.00129E+1;5.48902E+1;4.98805E+1;4.48498E+1;3.99805E+1;3.48782E+1;3.00383E+1;2.49057E+1;1.97865E+1;1.47535E+1;9.46688E+0
5.00000E-3;5.03016E-1;5.02964E-1;5.02916E-1;5.02865E-1;5.02815E-1;5.02767E-1;5.02704E-1;5.02645E-1;5.02586E-1;5.02520E-1;5.02438E-1;5.02363E-1;5.02292E-1;5.02200E-1;5.02103E-1;5.02017E-1;5.01911E-1;5.01808E-1;5.01700E-1;5.01571E-1;5.01443E-1;5.01315E-1;5.01168E-1;5.01022E-1;5.00864E-1;5.00692E-1;5.00514E-1;5.00338E-1;5.00133E-1;4.99922E-1;4.99707E-1;4.99482E-1;4.99246E-1;4.98985E-1;4.98713E-1;4.98431E-1;4.98135E-1;4.97807E-1;4.97482E-1;4.97132E-1;4.96754E-1;4.96364E-1;4.95957E-1;4.95537E-1;4.95098E-1;4.94644E-1;4.94182E-1;4.93697E-1;4.93191E-1;4.92682E-1;4.92162E-1;4.91615E-1;4.91071E-1;4.90528E-1;4.90020E-1;4.89474E-1;4.89003E-1;4.88520E-1;4.88039E-1;4.87587E-1;4.86917E-1
4.90000E-3;4.92945E-1;4.92893E-1;4.92848E-1;4.92797E-1;4.92748E-1;4.92700E-1;4.92639E-1;4.92582E-1;4.92522E-1;4.92458E-1;4.92377E-1;4.92305E-1;4.92234E-1;4.92144E-1;4.92049E-1;4.91965E-1;4.91861E-1;4.91760E-1;4.91654E-1;4.91527E-1;4.91401E-1;4.91277E-1;4.91132E-1;4.90989E-1;4.90835E-1;4.90665E-1;4.90492E-1;4.90319E-1;4.90118E-1;4.89912E-1;4.89701E-1;4.89480E-1;4.89249E-1;4.88993E-1;4.88727E-1;4.88450E-1;4.88160E-1;4.87838E-1;4.87520E-1;4.87177E-1;4.86807E-1;4.86424E-1;4.86026E-1;4.85614E-1;4.85184E-1;4.84739E-1;4.84285E-1;4.83811E-1;4.83316E-1;4.82818E-1;4.82307E-1;4.81773E-1;4.81239E-1;4.80708E-1;4.80210E-1;4.79675E-1;4.79213E-1;4.78741E-1;4.78269E-1;4.77826E-1;4.77169E-1
4.80000E-3;4.82871E-1;4.82820E-1;4.82776E-1;4.82726E-1;4.82678E-1;4.82632E-1;4.82572E-1;4.82516E-1;4.82458E-1;4.82396E-1;4.82317E-1;4.82246E-1;4.82177E-1;4.82088E-1;4.81994E-1;4.81913E-1;4.81811E-1;4.81713E-1;4.81608E-1;4.81485E-1;4.81362E-1;4.81240E-1;4.81098E-1;4.80957E-1;4.80806E-1;4.80639E-1;4.80470E-1;4.80301E-1;4.80103E-1;4.79902E-1;4.79696E-1;4.79478E-1;4.79252E-1;4.79001E-1;4.78741E-1;4.78470E-1;4.78185E-1;4.77870E-1;4.77559E-1;4.77223E-1;4.76861E-1;4.76486E-1;4.76096E-1;4.75692E-1;4.75270E-1;4.74834E-1;4.74391E-1;4.73927E-1;4.73441E-1;4.72952E-1;4.72450E-1;4.71928E-1;4.71404E-1;4.70884E-1;4.70397E-1;4.69872E-1;4.69420E-1;4.68957E-1;4.68496E-1;4.68060E-1;4.67418E-1
4.70000E-3;4.72800E-1;4.72751E-1;4.72707E-1;4.72660E-1;4.72611E-1;4.72565E-1;4.72508E-1;4.72452E-1;4.72394E-1;4.72334E-1;4.72258E-1;4.72188E-1;4.72119E-1;4.72034E-1;4.71941E-1;4.71862E-1;4.71762E-1;4.71665E-1;4.71563E-1;4.71441E-1;4.71322E-1;4.71202E-1;4.71064E-1;4.70925E-1;4.70779E-1;4.70614E-1;4.70450E-1;4.70283E-1;4.70090E-1;4.69892E-1;4.69689E-1;4.69479E-1;4.69256E-1;4.69011E-1;4.68756E-1;4.68490E-1;4.68211E-1;4.67902E-1;4.67599E-1;4.67270E-1;4.66914E-1;4.66548E-1;4.66166E-1;4.65770E-1;4.65358E-1;4.64930E-1;4.64496E-1;4.64042E-1;4.63566E-1;4.63088E-1;4.62598E-1;4.62087E-1;4.61573E-1;4.61064E-1;4.60587E-1;4.60074E-1;4.59631E-1;4.59178E-1;4.58726E-1;4.58300E-1;4.57671E-1
4.60000E-3;4.62729E-1;4.62680E-1;4.62638E-1;4.62591E-1;4.62544E-1;4.62499E-1;4.62443E-1;4.62388E-1;4.62332E-1;4.62273E-1;4.62199E-1;4.62131E-1;4.62063E-1;4.61980E-1;4.61890E-1;4.61812E-1;4.61714E-1;4.61619E-1;4.61518E-1;4.61399E-1;4.61283E-1;4.61165E-1;4.61030E-1;4.60894E-1;4.60751E-1;4.60589E-1;4.60429E-1;4.60265E-1;4.60077E-1;4.59883E-1;4.59684E-1;4.59479E-1;4.59261E-1;4.59021E-1;4.58772E-1;4.58512E-1;4.58239E-1;4.57936E-1;4.57639E-1;4.57318E-1;4.56969E-1;4.56611E-1;4.56236E-1;4.55849E-1;4.55446E-1;4.55027E-1;4.54602E-1;4.54158E-1;4.53693E-1;4.53224E-1;4.52743E-1;4.52243E-1;4.51740E-1;4.51242E-1;4.50774E-1;4.50275E-1;4.49840E-1;4.49397E-1;4.48954E-1;4.48534E-1;4.47921E-1
4.50000E-3;4.52659E-1;4.52611E-1;4.52569E-1;4.52524E-1;4.52478E-1;4.52434E-1;4.52379E-1;4.52326E-1;4.52270E-1;4.52214E-1;4.52140E-1;4.52074E-1;4.52007E-1;4.51926E-1;4.51838E-1;4.51763E-1;4.51666E-1;4.51573E-1;4.51474E-1;4.51358E-1;4.51244E-1;4.51129E-1;4.50997E-1;4.50864E-1;4.50723E-1;4.50565E-1;4.50408E-1;4.50248E-1;4.50064E-1;4.49874E-1;4.49680E-1;4.49478E-1;4.49266E-1;4.49031E-1;4.48788E-1;4.48535E-1;4.48266E-1;4.47970E-1;4.47679E-1;4.47365E-1;4.47024E-1;4.46674E-1;4.46306E-1;4.45929E-1;4.45534E-1;4.45124E-1;4.44709E-1;4.44274E-1;4.43819E-1;4.43361E-1;4.42892E-1;4.42403E-1;4.41910E-1;4.41424E-1;4.40965E-1;4.40478E-1;4.40051E-1;4.39617E-1;4.39185E-1;4.38775E-1;4.38175E-1
4.40000E-3;4.42588E-1;4.42542E-1;4.42500E-1;4.42456E-1;4.42412E-1;4.42368E-1;4.42314E-1;4.42262E-1;4.42208E-1;4.42153E-1;4.42082E-1;4.42017E-1;4.41951E-1;4.41871E-1;4.41785E-1;4.41714E-1;4.41616E-1;4.41526E-1;4.41430E-1;4.41316E-1;4.41204E-1;4.41092E-1;4.40964E-1;4.40833E-1;4.40695E-1;4.40541E-1;4.40387E-1;4.40231E-1;4.40051E-1;4.39865E-1;4.39676E-1;4.39478E-1;4.39271E-1;4.39042E-1;4.38803E-1;4.38555E-1;4.38293E-1;4.38004E-1;4.37720E-1;4.37412E-1;4.37079E-1;4.36737E-1;4.36377E-1;4.36009E-1;4.35622E-1;4.35221E-1;4.34816E-1;4.34390E-1;4.33945E-1;4.33498E-1;4.33039E-1;4.32560E-1;4.32078E-1;4.31603E-1;4.31154E-1;4.30677E-1;4.30260E-1;4.29837E-1;4.29415E-1;4.29013E-1;4.28427E-1
4.30000E-3;4.32519E-1;4.32474E-1;4.32432E-1;4.32390E-1;4.32347E-1;4.32304E-1;4.32251E-1;4.32200E-1;4.32149E-1;4.32093E-1;4.32025E-1;4.31961E-1;4.31895E-1;4.31818E-1;4.31733E-1;4.31665E-1;4.31570E-1;4.31481E-1;4.31387E-1;4.31276E-1;4.31166E-1;4.31056E-1;4.30931E-1;4.30802E-1;4.30669E-1;4.30518E-1;4.30367E-1;4.30215E-1;4.30040E-1;4.29859E-1;4.29673E-1;4.29480E-1;4.29277E-1;4.29053E-1;4.28820E-1;4.28577E-1;4.28321E-1;4.28040E-1;4.27761E-1;4.27460E-1;4.27134E-1;4.26801E-1;4.26449E-1;4.26089E-1;4.25710E-1;4.25320E-1;4.24923E-1;4.24507E-1;4.24073E-1;4.23635E-1;4.23187E-1;4.22719E-1;4.22248E-1;4.21783E-1;4.21345E-1;4.20879E-1;4.20472E-1;4.20057E-1;4.19646E-1;4.19253E-1;4.18681E-1
4.20000E-3;4.22450E-1;4.22405E-1;4.22365E-1;4.22325E-1;4.22282E-1;4.22241E-1;4.22188E-1;4.22139E-1;4.22087E-1;4.22036E-1;4.21967E-1;4.21905E-1;4.21841E-1;4.21765E-1;4.21682E-1;4.21615E-1;4.21523E-1;4.21437E-1;4.21345E-1;4.21235E-1;4.21128E-1;4.21021E-1;4.20899E-1;4.20773E-1;4.20643E-1;4.20496E-1;4.20349E-1;4.20199E-1;4.20029E-1;4.19853E-1;4.19671E-1;4.19481E-1;4.19283E-1;4.19065E-1;4.18837E-1;4.18600E-1;4.18350E-1;4.18076E-1;4.17804E-1;4.17509E-1;4.17191E-1;4.16865E-1;4.16521E-1;4.16170E-1;4.15800E-1;4.15419E-1;4.15031E-1;4.14625E-1;4.14200E-1;4.13772E-1;4.13334E-1;4.12876E-1;4.12416E-1;4.11962E-1;4.11535E-1;4.11079E-1;4.10680E-1;4.10277E-1;4.09874E-1;4.09491E-1;4.08931E-1
4.10000E-3;4.12380E-1;4.12336E-1;4.12297E-1;4.12257E-1;4.12217E-1;4.12176E-1;4.12125E-1;4.12076E-1;4.12026E-1;4.11975E-1;4.11910E-1;4.11847E-1;4.11785E-1;4.11712E-1;4.11631E-1;4.11565E-1;4.11475E-1;4.11391E-1;4.11302E-1;4.11194E-1;4.11090E-1;4.10986E-1;4.10865E-1;4.10743E-1;4.10617E-1;4.10473E-1;4.10330E-1;4.10182E-1;4.10017E-1;4.09845E-1;4.09667E-1;4.09482E-1;4.09289E-1;4.09075E-1;4.08854E-1;4.08622E-1;4.08377E-1;4.08110E-1;4.07845E-1;4.07557E-1;4.07246E-1;4.06928E-1;4.06593E-1;4.06250E-1;4.05888E-1;4.05516E-1;4.05138E-1;4.04741E-1;4.04327E-1;4.03910E-1;4.03483E-1;4.03036E-1;4.02587E-1;4.02145E-1;4.01727E-1;4.01281E-1;4.00893E-1;4.00499E-1;4.00106E-1;3.99732E-1;3.99186E-1
4.00000E-3;4.02312E-1;4.02270E-1;4.02232E-1;4.02194E-1;4.02153E-1;4.02113E-1;4.02064E-1;4.02017E-1;4.01967E-1;4.01918E-1;4.01854E-1;4.01792E-1;4.01733E-1;4.01660E-1;4.01582E-1;4.01517E-1;4.01430E-1;4.01348E-1;4.01260E-1;4.01155E-1;4.01054E-1;4.00952E-1;4.00835E-1;4.00716E-1;4.00593E-1;4.00452E-1;4.00312E-1;4.00168E-1;4.00008E-1;3.99840E-1;3.99667E-1;3.99486E-1;3.99297E-1;3.99089E-1;3.98872E-1;3.98646E-1;3.98408E-1;3.98148E-1;3.97888E-1;3.97608E-1;3.97305E-1;3.96994E-1;3.96666E-1;3.96333E-1;3.95979E-1;3.95617E-1;3.95248E-1;3.94861E-1;3.94456E-1;3.94049E-1;3.93632E-1;3.93198E-1;3.92759E-1;3.92328E-1;3.91920E-1;3.91485E-1;3.91107E-1;3.90722E-1;3.90338E-1;3.89971E-1;3.89441E-1
3.90000E-3;3.92248E-1;3.92207E-1;3.92169E-1;3.92132E-1;3.92093E-1;3.92053E-1;3.92006E-1;3.91959E-1;3.91911E-1;3.91863E-1;3.91801E-1;3.91741E-1;3.91682E-1;3.91612E-1;3.91536E-1;3.91473E-1;3.91388E-1;3.91306E-1;3.91222E-1;3.91120E-1;3.91023E-1;3.90923E-1;3.90807E-1;3.90691E-1;3.90570E-1;3.90435E-1;3.90298E-1;3.90157E-1;3.90000E-1;3.89837E-1;3.89669E-1;3.89493E-1;3.89308E-1;3.89105E-1;3.88893E-1;3.88673E-1;3.88441E-1;3.88188E-1;3.87934E-1;3.87661E-1;3.87366E-1;3.87062E-1;3.86742E-1;3.86417E-1;3.86073E-1;3.85719E-1;3.85360E-1;3.84982E-1;3.84587E-1;3.84191E-1;3.83785E-1;3.83361E-1;3.82933E-1;3.82513E-1;3.82115E-1;3.81691E-1;3.81322E-1;3.80947E-1;3.80573E-1;3.80216E-1;3.79698E-1
3.80000E-3;3.82181E-1;3.82141E-1;3.82105E-1;3.82068E-1;3.82031E-1;3.81992E-1;3.81946E-1;3.81900E-1;3.81853E-1;3.81807E-1;3.81746E-1;3.81688E-1;3.81631E-1;3.81562E-1;3.81488E-1;3.81427E-1;3.81344E-1;3.81264E-1;3.81182E-1;3.81083E-1;3.80987E-1;3.80890E-1;3.80778E-1;3.80665E-1;3.80547E-1;3.80416E-1;3.80282E-1;3.80145E-1;3.79993E-1;3.79833E-1;3.79668E-1;3.79498E-1;3.79318E-1;3.79119E-1;3.78913E-1;3.78699E-1;3.78473E-1;3.78226E-1;3.77978E-1;3.77712E-1;3.77425E-1;3.77129E-1;3.76818E-1;3.76501E-1;3.76166E-1;3.75821E-1;3.75471E-1;3.75103E-1;3.74718E-1;3.74330E-1;3.73935E-1;3.73522E-1;3.73105E-1;3.72695E-1;3.72308E-1;3.71894E-1;3.71535E-1;3.71169E-1;3.70805E-1;3.70458E-1;3.69952E-1
3.70000E-3;3.72113E-1;3.72073E-1;3.72038E-1;3.72002E-1;3.71966E-1;3.71928E-1;3.71884E-1;3.71839E-1;3.71793E-1;3.71748E-1;3.71689E-1;3.71631E-1;3.71576E-1;3.71510E-1;3.71437E-1;3.71378E-1;3.71296E-1;3.71219E-1;3.71139E-1;3.71043E-1;3.70949E-1;3.70855E-1;3.70746E-1;3.70637E-1;3.70521E-1;3.70393E-1;3.70263E-1;3.70130E-1;3.69981E-1;3.69827E-1;3.69665E-1;3.69499E-1;3.69324E-1;3.69131E-1;3.68930E-1;3.68722E-1;3.68502E-1;3.68261E-1;3.68020E-1;3.67760E-1;3.67481E-1;3.67193E-1;3.66890E-1;3.66582E-1;3.66255E-1;3.65919E-1;3.65578E-1;3.65220E-1;3.64846E-1;3.64470E-1;3.64085E-1;3.63683E-1;3.63278E-1;3.62878E-1;3.62502E-1;3.62099E-1;3.61749E-1;3.61392E-1;3.61038E-1;3.60699E-1;3.60207E-1
3.60000E-3;3.62047E-1;3.62009E-1;3.61974E-1;3.61940E-1;3.61904E-1;3.61868E-1;3.61824E-1;3.61780E-1;3.61736E-1;3.61692E-1;3.61635E-1;3.61578E-1;3.61525E-1;3.61460E-1;3.61390E-1;3.61332E-1;3.61253E-1;3.61178E-1;3.61100E-1;3.61007E-1;3.60915E-1;3.60824E-1;3.60717E-1;3.60612E-1;3.60499E-1;3.60375E-1;3.60247E-1;3.60119E-1;3.59974E-1;3.59824E-1;3.59666E-1;3.59505E-1;3.59335E-1;3.59147E-1;3.58952E-1;3.58749E-1;3.58535E-1;3.58300E-1;3.58065E-1;3.57813E-1;3.57542E-1;3.57262E-1;3.56966E-1;3.56667E-1;3.56348E-1;3.56022E-1;3.55690E-1;3.55341E-1;3.54978E-1;3.54612E-1;3.54238E-1;3.53846E-1;3.53451E-1;3.53063E-1;3.52697E-1;3.52304E-1;3.51964E-1;3.51617E-1;3.51271E-1;3.50941E-1;3.50464E-1
3.50000E-3;3.51982E-1;3.51944E-1;3.51910E-1;3.51877E-1;3.51841E-1;3.51807E-1;3.51764E-1;3.51721E-1;3.51679E-1;3.51636E-1;3.51580E-1;3.51525E-1;3.51475E-1;3.51412E-1;3.51343E-1;3.51287E-1;3.51209E-1;3.51137E-1;3.51061E-1;3.50970E-1;3.50880E-1;3.50792E-1;3.50689E-1;3.50586E-1;3.50477E-1;3.50356E-1;3.50231E-1;3.50106E-1;3.49966E-1;3.49819E-1;3.49667E-1;3.49510E-1;3.49345E-1;3.49161E-1;3.48972E-1;3.48775E-1;3.48567E-1;3.48339E-1;3.48110E-1;3.47865E-1;3.47601E-1;3.47328E-1;3.47041E-1;3.46751E-1;3.46441E-1;3.46124E-1;3.45801E-1;3.45462E-1;3.45108E-1;3.44754E-1;3.44389E-1;3.44009E-1;3.43625E-1;3.43247E-1;3.42891E-1;3.42509E-1;3.42180E-1;3.41841E-1;3.41507E-1;3.41185E-1;3.40721E-1
3.40000E-3;3.41916E-1;3.41881E-1;3.41847E-1;3.41814E-1;3.41780E-1;3.41747E-1;3.41705E-1;3.41665E-1;3.41623E-1;3.41581E-1;3.41526E-1;3.41474E-1;3.41424E-1;3.41364E-1;3.41296E-1;3.41242E-1;3.41166E-1;3.41096E-1;3.41023E-1;3.40933E-1;3.40847E-1;3.40761E-1;3.40661E-1;3.40562E-1;3.40456E-1;3.40338E-1;3.40217E-1;3.40095E-1;3.39958E-1;3.39816E-1;3.39669E-1;3.39516E-1;3.39356E-1;3.39178E-1;3.38994E-1;3.38803E-1;3.38601E-1;3.38379E-1;3.38156E-1;3.37919E-1;3.37662E-1;3.37397E-1;3.37117E-1;3.36835E-1;3.36535E-1;3.36227E-1;3.35912E-1;3.35583E-1;3.35239E-1;3.34896E-1;3.34541E-1;3.34170E-1;3.33797E-1;3.33430E-1;3.33083E-1;3.32715E-1;3.32393E-1;3.32064E-1;3.31740E-1;3.31429E-1;3.30977E-1
3.30000E-3;3.31848E-1;3.31814E-1;3.31782E-1;3.31750E-1;3.31717E-1;3.31684E-1;3.31644E-1;3.31605E-1;3.31565E-1;3.31524E-1;3.31471E-1;3.31420E-1;3.31372E-1;3.31313E-1;3.31247E-1;3.31194E-1;3.31121E-1;3.31053E-1;3.30982E-1;3.30895E-1;3.30812E-1;3.30727E-1;3.30631E-1;3.30534E-1;3.30431E-1;3.30317E-1;3.30199E-1;3.30082E-1;3.29949E-1;3.29811E-1;3.29668E-1;3.29521E-1;3.29364E-1;3.29192E-1;3.29012E-1;3.28827E-1;3.28631E-1;3.28415E-1;3.28200E-1;3.27970E-1;3.27720E-1;3.27462E-1;3.27190E-1;3.26918E-1;3.26626E-1;3.26327E-1;3.26022E-1;3.25702E-1;3.25369E-1;3.25036E-1;3.24692E-1;3.24332E-1;3.23971E-1;3.23614E-1;3.23279E-1;3.22921E-1;3.22609E-1;3.22290E-1;3.21975E-1;3.21672E-1;3.21234E-1
3.20000E-3;3.21783E-1;3.21750E-1;3.21719E-1;3.21687E-1;3.21656E-1;3.21625E-1;3.21585E-1;3.21547E-1;3.21508E-1;3.21469E-1;3.21417E-1;3.21368E-1;3.21321E-1;3.21264E-1;3.21200E-1;3.21149E-1;3.21078E-1;3.21011E-1;3.20944E-1;3.20858E-1;3.20777E-1;3.20697E-1;3.20604E-1;3.20509E-1;3.20409E-1;3.20298E-1;3.20184E-1;3.20071E-1;3.19942E-1;3.19808E-1;3.19670E-1;3.19526E-1;3.19374E-1;3.19207E-1;3.19034E-1;3.18854E-1;3.18663E-1;3.18455E-1;3.18246E-1;3.18022E-1;3.17779E-1;3.17531E-1;3.17267E-1;3.17002E-1;3.16720E-1;3.16430E-1;3.16134E-1;3.15823E-1;3.15501E-1;3.15178E-1;3.14844E-1;3.14494E-1;3.14145E-1;3.13798E-1;3.13473E-1;3.13126E-1;3.12823E-1;3.12515E-1;3.12209E-1;3.11915E-1;3.11491E-1
3.10000E-3;3.11718E-1;3.11686E-1;3.11656E-1;3.11625E-1;3.11595E-1;3.11565E-1;3.11526E-1;3.11490E-1;3.11452E-1;3.11413E-1;3.11364E-1;3.11315E-1;3.11270E-1;3.11215E-1;3.11153E-1;3.11103E-1;3.11035E-1;3.10971E-1;3.10906E-1;3.10822E-1;3.10745E-1;3.10666E-1;3.10576E-1;3.10483E-1;3.10387E-1;3.10280E-1;3.10170E-1;3.10060E-1;3.09935E-1;3.09804E-1;3.09671E-1;3.09532E-1;3.09385E-1;3.09224E-1;3.09055E-1;3.08880E-1;3.08695E-1;3.08493E-1;3.08292E-1;3.08074E-1;3.07840E-1;3.07598E-1;3.07343E-1;3.07087E-1;3.06813E-1;3.06532E-1;3.06246E-1;3.05945E-1;3.05633E-1;3.05320E-1;3.04996E-1;3.04658E-1;3.04319E-1;3.03983E-1;3.03668E-1;3.03332E-1;3.03038E-1;3.02744E-1;3.02443E-1;3.02157E-1;3.01748E-1
3.00000E-3;3.01654E-1;3.01623E-1;3.01594E-1;3.01565E-1;3.01536E-1;3.01506E-1;3.01469E-1;3.01433E-1;3.01397E-1;3.01360E-1;3.01312E-1;3.01265E-1;3.01222E-1;3.01167E-1;3.01107E-1;3.01060E-1;3.00994E-1;3.00931E-1;3.00869E-1;3.00788E-1;3.00713E-1;3.00638E-1;3.00549E-1;3.00460E-1;3.00367E-1;3.00264E-1;3.00157E-1;3.00050E-1;2.99929E-1;2.99804E-1;2.99675E-1;2.99540E-1;2.99397E-1;2.99241E-1;2.99078E-1;2.98909E-1;2.98730E-1;2.98535E-1;2.98339E-1;2.98129E-1;2.97903E-1;2.97668E-1;2.97422E-1;2.97172E-1;2.96909E-1;2.96636E-1;2.96360E-1;2.96069E-1;2.95767E-1;2.95463E-1;2.95148E-1;2.94821E-1;2.94493E-1;2.94168E-1;2.93863E-1;2.93538E-1;2.93254E-1;2.92965E-1;2.92679E-1;2.92402E-1;2.92005E-1
2.90000E-3;2.91588E-1;2.91557E-1;2.91530E-1;2.91501E-1;2.91474E-1;2.91444E-1;2.91408E-1;2.91374E-1;2.91339E-1;2.91302E-1;2.91257E-1;2.91211E-1;2.91170E-1;2.91117E-1;2.91059E-1;2.91014E-1;2.90949E-1;2.90888E-1;2.90828E-1;2.90751E-1;2.90678E-1;2.90605E-1;2.90519E-1;2.90434E-1;2.90343E-1;2.90243E-1;2.90140E-1;2.90037E-1;2.89919E-1;2.89799E-1;2.89674E-1;2.89545E-1;2.89405E-1;2.89255E-1;2.89097E-1;2.88934E-1;2.88761E-1;2.88572E-1;2.88383E-1;2.88179E-1;2.87961E-1;2.87735E-1;2.87497E-1;2.87254E-1;2.87000E-1;2.86737E-1;2.86470E-1;2.86189E-1;2.85897E-1;2.85604E-1;2.85300E-1;2.84984E-1;2.84667E-1;2.84353E-1;2.84059E-1;2.83743E-1;2.83469E-1;2.83191E-1;2.82915E-1;2.82646E-1;2.82261E-1
2.80000E-3;2.81525E-1;2.81495E-1;2.81468E-1;2.81441E-1;2.81414E-1;2.81385E-1;2.81351E-1;2.81319E-1;2.81285E-1;2.81249E-1;2.81206E-1;2.81161E-1;2.81121E-1;2.81070E-1;2.81014E-1;2.80970E-1;2.80907E-1;2.80849E-1;2.80791E-1;2.80716E-1;2.80646E-1;2.80575E-1;2.80493E-1;2.80410E-1;2.80322E-1;2.80225E-1;2.80127E-1;2.80027E-1;2.79913E-1;2.79798E-1;2.79677E-1;2.79552E-1;2.79418E-1;2.79272E-1;2.79121E-1;2.78963E-1;2.78795E-1;2.78613E-1;2.78430E-1;2.78233E-1;2.78022E-1;2.77804E-1;2.77575E-1;2.77340E-1;2.77096E-1;2.76842E-1;2.76582E-1;2.76313E-1;2.76030E-1;2.75747E-1;2.75453E-1;2.75148E-1;2.74842E-1;2.74539E-1;2.74255E-1;2.73950E-1;2.73685E-1;2.73417E-1;2.73151E-1;2.72891E-1;2.72520E-1
2.70000E-3;2.71461E-1;2.71431E-1;2.71406E-1;2.71380E-1;2.71353E-1;2.71326E-1;2.71292E-1;2.71261E-1;2.71230E-1;2.71195E-1;2.71153E-1;2.71109E-1;2.71071E-1;2.71022E-1;2.70968E-1;2.70926E-1;2.70866E-1;2.70808E-1;2.70753E-1;2.70681E-1;2.70614E-1;2.70545E-1;2.70466E-1;2.70386E-1;2.70301E-1;2.70208E-1;2.70112E-1;2.70016E-1;2.69906E-1;2.69796E-1;2.69679E-1;2.69558E-1;2.69429E-1;2.69289E-1;2.69142E-1;2.68990E-1;2.68829E-1;2.68652E-1;2.68477E-1;2.68286E-1;2.68083E-1;2.67873E-1;2.67651E-1;2.67426E-1;2.67190E-1;2.66945E-1;2.66696E-1;2.66436E-1;2.66163E-1;2.65891E-1;2.65607E-1;2.65313E-1;2.65018E-1;2.64726E-1;2.64452E-1;2.64158E-1;2.63903E-1;2.63644E-1;2.63387E-1;2.63136E-1;2.62779E-1
2.60000E-3;2.61398E-1;2.61369E-1;2.61344E-1;2.61320E-1;2.61294E-1;2.61267E-1;2.61237E-1;2.61206E-1;2.61175E-1;2.61141E-1;2.61101E-1;2.61060E-1;2.61023E-1;2.60975E-1;2.60923E-1;2.60883E-1;2.60825E-1;2.60769E-1;2.60716E-1;2.60646E-1;2.60582E-1;2.60517E-1;2.60441E-1;2.60361E-1;2.60281E-1;2.60191E-1;2.60099E-1;2.60007E-1;2.59901E-1;2.59794E-1;2.59682E-1;2.59566E-1;2.59442E-1;2.59308E-1;2.59166E-1;2.59018E-1;2.58863E-1;2.58693E-1;2.58525E-1;2.58341E-1;2.58145E-1;2.57943E-1;2.57730E-1;2.57512E-1;2.57285E-1;2.57050E-1;2.56809E-1;2.56559E-1;2.56297E-1;2.56033E-1;2.55759E-1;2.55476E-1;2.55192E-1;2.54910E-1;2.54647E-1;2.54363E-1;2.54118E-1;2.53868E-1;2.53621E-1;2.53379E-1;2.53035E-1
2.50000E-3;2.51332E-1;2.51304E-1;2.51279E-1;2.51257E-1;2.51232E-1;2.51207E-1;2.51177E-1;2.51147E-1;2.51118E-1;2.51085E-1;2.51047E-1;2.51006E-1;2.50971E-1;2.50926E-1;2.50876E-1;2.50837E-1;2.50781E-1;2.50728E-1;2.50677E-1;2.50610E-1;2.50547E-1;2.50484E-1;2.50411E-1;2.50335E-1;2.50259E-1;2.50172E-1;2.50083E-1;2.49994E-1;2.49893E-1;2.49790E-1;2.49682E-1;2.49571E-1;2.49452E-1;2.49322E-1;2.49187E-1;2.49044E-1;2.48896E-1;2.48731E-1;2.48569E-1;2.48392E-1;2.48204E-1;2.48009E-1;2.47806E-1;2.47595E-1;2.47377E-1;2.47152E-1;2.46920E-1;2.46680E-1;2.46427E-1;2.46176E-1;2.45912E-1;2.45640E-1;2.45367E-1;2.45097E-1;2.44843E-1;2.44570E-1;2.44335E-1;2.44094E-1;2.43856E-1;2.43624E-1;2.43292E-1
2.40000E-3;2.41269E-1;2.41243E-1;2.41218E-1;2.41196E-1;2.41173E-1;2.41149E-1;2.41120E-1;2.41092E-1;2.41063E-1;2.41032E-1;2.40995E-1;2.40957E-1;2.40922E-1;2.40880E-1;2.40831E-1;2.40794E-1;2.40740E-1;2.40689E-1;2.40640E-1;2.40576E-1;2.40517E-1;2.40455E-1;2.40386E-1;2.40312E-1;2.40239E-1;2.40156E-1;2.40071E-1;2.39985E-1;2.39887E-1;2.39788E-1;2.39686E-1;2.39579E-1;2.39465E-1;2.39340E-1;2.39210E-1;2.39074E-1;2.38930E-1;2.38772E-1;2.38617E-1;2.38448E-1;2.38267E-1;2.38081E-1;2.37884E-1;2.37682E-1;2.37473E-1;2.37257E-1;2.37034E-1;2.36805E-1;2.36562E-1;2.36319E-1;2.36068E-1;2.35806E-1;2.35544E-1;2.35283E-1;2.35041E-1;2.34777E-1;2.34553E-1;2.34321E-1;2.34093E-1;2.33871E-1;2.33552E-1
2.30000E-3;2.31207E-1;2.31182E-1;2.31158E-1;2.31137E-1;2.31115E-1;2.31092E-1;2.31064E-1;2.31037E-1;2.31009E-1;2.30980E-1;2.30945E-1;2.30908E-1;2.30875E-1;2.30834E-1;2.30788E-1;2.30752E-1;2.30700E-1;2.30652E-1;2.30604E-1;2.30543E-1;2.30486E-1;2.30427E-1;2.30360E-1;2.30291E-1;2.30220E-1;2.30140E-1;2.30059E-1;2.29977E-1;2.29884E-1;2.29789E-1;2.29690E-1;2.29588E-1;2.29478E-1;2.29358E-1;2.29235E-1;2.29103E-1;2.28965E-1;2.28815E-1;2.28665E-1;2.28503E-1;2.28329E-1;2.28152E-1;2.27963E-1;2.27770E-1;2.27570E-1;2.27362E-1;2.27149E-1;2.26929E-1;2.26696E-1;2.26463E-1;2.26222E-1;2.25972E-1;2.25720E-1;2.25471E-1;2.25238E-1;2.24986E-1;2.24771E-1;2.24549E-1;2.24331E-1;2.24118E-1;2.23812E-1
2.20000E-3;2.21144E-1;2.21120E-1;2.21096E-1;2.21076E-1;2.21055E-1;2.21034E-1;2.21008E-1;2.20981E-1;2.20955E-1;2.20928E-1;2.20893E-1;2.20858E-1;2.20826E-1;2.20787E-1;2.20744E-1;2.20709E-1;2.20660E-1;2.20613E-1;2.20567E-1;2.20510E-1;2.20456E-1;2.20399E-1;2.20335E-1;2.20268E-1;2.20200E-1;2.20123E-1;2.20047E-1;2.19968E-1;2.19877E-1;2.19788E-1;2.19694E-1;2.19595E-1;2.19491E-1;2.19376E-1;2.19257E-1;2.19132E-1;2.19000E-1;2.18857E-1;2.18713E-1;2.18558E-1;2.18392E-1;2.18222E-1;2.18041E-1;2.17857E-1;2.17665E-1;2.17467E-1;2.17263E-1;2.17052E-1;2.16829E-1;2.16607E-1;2.16375E-1;2.16136E-1;2.15896E-1;2.15657E-1;2.15434E-1;2.15192E-1;2.14986E-1;2.14773E-1;2.14566E-1;2.14363E-1;2.14069E-1
2.10000E-3;2.11078E-1;2.11055E-1;2.11033E-1;2.11013E-1;2.10994E-1;2.10974E-1;2.10949E-1;2.10923E-1;2.10898E-1;2.10871E-1;2.10838E-1;2.10805E-1;2.10775E-1;2.10737E-1;2.10696E-1;2.10663E-1;2.10615E-1;2.10571E-1;2.10528E-1;2.10473E-1;2.10421E-1;2.10367E-1;2.10306E-1;2.10242E-1;2.10178E-1;2.10103E-1;2.10032E-1;2.09956E-1;2.09869E-1;2.09784E-1;2.09693E-1;2.09600E-1;2.09500E-1;2.09391E-1;2.09278E-1;2.09158E-1;2.09032E-1;2.08894E-1;2.08757E-1;2.08608E-1;2.08452E-1;2.08290E-1;2.08116E-1;2.07941E-1;2.07758E-1;2.07570E-1;2.07373E-1;2.07173E-1;2.06960E-1;2.06749E-1;2.06527E-1;2.06300E-1;2.06071E-1;2.05842E-1;2.05630E-1;2.05400E-1;2.05202E-1;2.04999E-1;2.04803E-1;2.04607E-1;2.04327E-1
2.00000E-3;2.01016E-1;2.00994E-1;2.00973E-1;2.00953E-1;2.00936E-1;2.00917E-1;2.00893E-1;2.00868E-1;2.00844E-1;2.00819E-1;2.00787E-1;2.00757E-1;2.00727E-1;2.00691E-1;2.00652E-1;2.00621E-1;2.00576E-1;2.00533E-1;2.00493E-1;2.00440E-1;2.00391E-1;2.00340E-1;2.00281E-1;2.00220E-1;2.00158E-1;2.00088E-1;2.00019E-1;1.99948E-1;1.99866E-1;1.99784E-1;1.99698E-1;1.99609E-1;1.99513E-1;1.99409E-1;1.99302E-1;1.99187E-1;1.99067E-1;1.98937E-1;1.98806E-1;1.98665E-1;1.98515E-1;1.98361E-1;1.98196E-1;1.98029E-1;1.97854E-1;1.97675E-1;1.97488E-1;1.97298E-1;1.97094E-1;1.96893E-1;1.96682E-1;1.96466E-1;1.96247E-1;1.96029E-1;1.95827E-1;1.95608E-1;1.95419E-1;1.95227E-1;1.95040E-1;1.94854E-1;1.94586E-1
1.90000E-3;1.90951E-1;1.90930E-1;1.90910E-1;1.90892E-1;1.90875E-1;1.90857E-1;1.90835E-1;1.90811E-1;1.90789E-1;1.90765E-1;1.90735E-1;1.90705E-1;1.90677E-1;1.90644E-1;1.90606E-1;1.90576E-1;1.90534E-1;1.90493E-1;1.90455E-1;1.90405E-1;1.90358E-1;1.90310E-1;1.90254E-1;1.90196E-1;1.90137E-1;1.90070E-1;1.90005E-1;1.89937E-1;1.89859E-1;1.89781E-1;1.89699E-1;1.89615E-1;1.89525E-1;1.89426E-1;1.89324E-1;1.89214E-1;1.89101E-1;1.88976E-1;1.88853E-1;1.88718E-1;1.88576E-1;1.88430E-1;1.88273E-1;1.88114E-1;1.87948E-1;1.87778E-1;1.87601E-1;1.87420E-1;1.87227E-1;1.87036E-1;1.86836E-1;1.86631E-1;1.86422E-1;1.86215E-1;1.86023E-1;1.85815E-1;1.85636E-1;1.85453E-1;1.85276E-1;1.85099E-1;1.84844E-1
1.80000E-3;1.80888E-1;1.80869E-1;1.80849E-1;1.80832E-1;1.80817E-1;1.80801E-1;1.80779E-1;1.80756E-1;1.80736E-1;1.80712E-1;1.80684E-1;1.80655E-1;1.80630E-1;1.80598E-1;1.80562E-1;1.80534E-1;1.80494E-1;1.80455E-1;1.80419E-1;1.80371E-1;1.80327E-1;1.80282E-1;1.80229E-1;1.80174E-1;1.80117E-1;1.80054E-1;1.79992E-1;1.79928E-1;1.79854E-1;1.79780E-1;1.79703E-1;1.79624E-1;1.79538E-1;1.79444E-1;1.79347E-1;1.79243E-1;1.79136E-1;1.79018E-1;1.78901E-1;1.78773E-1;1.78639E-1;1.78500E-1;1.78351E-1;1.78201E-1;1.78044E-1;1.77883E-1;1.77715E-1;1.77544E-1;1.77361E-1;1.77179E-1;1.76989E-1;1.76795E-1;1.76596E-1;1.76401E-1;1.76219E-1;1.76022E-1;1.75852E-1;1.75679E-1;1.75511E-1;1.75343E-1;1.75102E-1
1.70000E-3;1.70822E-1;1.70803E-1;1.70786E-1;1.70769E-1;1.70755E-1;1.70740E-1;1.70720E-1;1.70698E-1;1.70678E-1;1.70656E-1;1.70630E-1;1.70602E-1;1.70579E-1;1.70548E-1;1.70515E-1;1.70488E-1;1.70450E-1;1.70413E-1;1.70380E-1;1.70335E-1;1.70293E-1;1.70249E-1;1.70200E-1;1.70148E-1;1.70094E-1;1.70034E-1;1.69977E-1;1.69915E-1;1.69845E-1;1.69777E-1;1.69704E-1;1.69629E-1;1.69547E-1;1.69458E-1;1.69367E-1;1.69269E-1;1.69168E-1;1.69056E-1;1.68946E-1;1.68825E-1;1.68700E-1;1.68568E-1;1.68426E-1;1.68285E-1;1.68136E-1;1.67985E-1;1.67826E-1;1.67665E-1;1.67492E-1;1.67320E-1;1.67141E-1;1.66959E-1;1.66772E-1;1.66587E-1;1.66416E-1;1.66229E-1;1.66069E-1;1.65907E-1;1.65746E-1;1.65589E-1;1.65360E-1
1.60000E-3;1.60758E-1;1.60742E-1;1.60725E-1;1.60709E-1;1.60696E-1;1.60682E-1;1.60662E-1;1.60643E-1;1.60624E-1;1.60604E-1;1.60579E-1;1.60553E-1;1.60531E-1;1.60502E-1;1.60470E-1;1.60445E-1;1.60409E-1;1.60374E-1;1.60342E-1;1.60300E-1;1.60262E-1;1.60221E-1;1.60174E-1;1.60125E-1;1.60075E-1;1.60018E-1;1.59964E-1;1.59906E-1;1.59840E-1;1.59775E-1;1.59707E-1;1.59636E-1;1.59560E-1;1.59475E-1;1.59390E-1;1.59298E-1;1.59203E-1;1.59098E-1;1.58994E-1;1.58880E-1;1.58762E-1;1.58638E-1;1.58505E-1;1.58372E-1;1.58232E-1;1.58090E-1;1.57940E-1;1.57788E-1;1.57626E-1;1.57464E-1;1.57295E-1;1.57123E-1;1.56947E-1;1.56772E-1;1.56612E-1;1.56436E-1;1.56285E-1;1.56131E-1;1.55980E-1;1.55833E-1;1.55617E-1
1.50000E-3;1.50693E-1;1.50678E-1;1.50661E-1;1.50647E-1;1.50635E-1;1.50621E-1;1.50604E-1;1.50585E-1;1.50568E-1;1.50548E-1;1.50525E-1;1.50501E-1;1.50479E-1;1.50453E-1;1.50422E-1;1.50400E-1;1.50365E-1;1.50333E-1;1.50303E-1;1.50264E-1;1.50228E-1;1.50189E-1;1.50146E-1;1.50100E-1;1.50052E-1;1.49999E-1;1.49948E-1;1.49895E-1;1.49832E-1;1.49772E-1;1.49708E-1;1.49641E-1;1.49570E-1;1.49491E-1;1.49411E-1;1.49325E-1;1.49235E-1;1.49137E-1;1.49041E-1;1.48933E-1;1.48822E-1;1.48706E-1;1.48582E-1;1.48455E-1;1.48326E-1;1.48192E-1;1.48052E-1;1.47910E-1;1.47758E-1;1.47607E-1;1.47448E-1;1.47287E-1;1.47122E-1;1.46959E-1;1.46807E-1;1.46643E-1;1.46501E-1;1.46359E-1;1.46215E-1;1.46077E-1;1.45876E-1
1.40000E-3;1.40632E-1;1.40617E-1;1.40602E-1;1.40588E-1;1.40577E-1;1.40564E-1;1.40549E-1;1.40531E-1;1.40515E-1;1.40497E-1;1.40475E-1;1.40452E-1;1.40432E-1;1.40408E-1;1.40379E-1;1.40357E-1;1.40326E-1;1.40295E-1;1.40268E-1;1.40232E-1;1.40198E-1;1.40162E-1;1.40121E-1;1.40078E-1;1.40034E-1;1.39984E-1;1.39937E-1;1.39886E-1;1.39829E-1;1.39772E-1;1.39713E-1;1.39651E-1;1.39584E-1;1.39510E-1;1.39436E-1;1.39355E-1;1.39272E-1;1.39179E-1;1.39090E-1;1.38989E-1;1.38886E-1;1.38778E-1;1.38662E-1;1.38544E-1;1.38423E-1;1.38298E-1;1.38167E-1;1.38034E-1;1.37893E-1;1.37752E-1;1.37603E-1;1.37453E-1;1.37298E-1;1.37146E-1;1.37004E-1;1.36851E-1;1.36717E-1;1.36584E-1;1.36453E-1;1.36323E-1;1.36135E-1
1.30000E-3;1.30566E-1;1.30553E-1;1.30539E-1;1.30525E-1;1.30516E-1;1.30503E-1;1.30490E-1;1.30472E-1;1.30458E-1;1.30442E-1;1.30421E-1;1.30400E-1;1.30382E-1;1.30358E-1;1.30332E-1;1.30312E-1;1.30283E-1;1.30254E-1;1.30229E-1;1.30195E-1;1.30164E-1;1.30130E-1;1.30093E-1;1.30052E-1;1.30011E-1;1.29966E-1;1.29922E-1;1.29875E-1;1.29820E-1;1.29768E-1;1.29714E-1;1.29656E-1;1.29594E-1;1.29526E-1;1.29458E-1;1.29381E-1;1.29304E-1;1.29219E-1;1.29135E-1;1.29042E-1;1.28945E-1;1.28846E-1;1.28738E-1;1.28628E-1;1.28516E-1;1.28400E-1;1.28279E-1;1.28156E-1;1.28025E-1;1.27894E-1;1.27756E-1;1.27616E-1;1.27473E-1;1.27332E-1;1.27201E-1;1.27058E-1;1.26935E-1;1.26812E-1;1.26689E-1;1.26568E-1;1.26394E-1
1.20000E-3;1.20504E-1;1.20492E-1;1.20478E-1;1.20467E-1;1.20458E-1;1.20446E-1;1.20434E-1;1.20418E-1;1.20405E-1;1.20390E-1;1.20370E-1;1.20351E-1;1.20334E-1;1.20313E-1;1.20289E-1;1.20270E-1;1.20243E-1;1.20216E-1;1.20193E-1;1.20163E-1;1.20134E-1;1.20103E-1;1.20068E-1;1.20030E-1;1.19993E-1;1.19951E-1;1.19910E-1;1.19867E-1;1.19816E-1;1.19769E-1;1.19718E-1;1.19665E-1;1.19607E-1;1.19545E-1;1.19482E-1;1.19411E-1;1.19341E-1;1.19261E-1;1.19184E-1;1.19099E-1;1.19009E-1;1.18917E-1;1.18818E-1;1.18716E-1;1.18613E-1;1.18506E-1;1.18394E-1;1.18281E-1;1.18160E-1;1.18039E-1;1.17911E-1;1.17783E-1;1.17652E-1;1.17520E-1;1.17398E-1;1.17266E-1;1.17153E-1;1.17040E-1;1.16926E-1;1.16814E-1;1.16653E-1
1.10000E-3;1.10441E-1;1.10430E-1;1.10418E-1;1.10407E-1;1.10399E-1;1.10388E-1;1.10377E-1;1.10362E-1;1.10349E-1;1.10336E-1;1.10319E-1;1.10300E-1;1.10285E-1;1.10266E-1;1.10244E-1;1.10226E-1;1.10202E-1;1.10177E-1;1.10157E-1;1.10128E-1;1.10102E-1;1.10073E-1;1.10042E-1;1.10008E-1;1.09973E-1;1.09935E-1;1.09897E-1;1.09858E-1;1.09810E-1;1.09768E-1;1.09721E-1;1.09672E-1;1.09619E-1;1.09563E-1;1.09505E-1;1.09440E-1;1.09375E-1;1.09303E-1;1.09231E-1;1.09153E-1;1.09072E-1;1.08986E-1;1.08896E-1;1.08803E-1;1.08708E-1;1.08612E-1;1.08508E-1;1.08404E-1;1.08294E-1;1.08184E-1;1.08065E-1;1.07949E-1;1.07827E-1;1.07706E-1;1.07596E-1;1.07475E-1;1.07372E-1;1.07267E-1;1.07164E-1;1.07060E-1;1.06913E-1
1.00000E-3;1.00378E-1;1.00368E-1;1.00357E-1;1.00346E-1;1.00341E-1;1.00332E-1;1.00321E-1;1.00308E-1;1.00296E-1;1.00285E-1;1.00268E-1;1.00251E-1;1.00238E-1;1.00220E-1;1.00200E-1;1.00184E-1;1.00162E-1;1.00140E-1;1.00121E-1;1.00095E-1;1.00071E-1;1.00045E-1;1.00017E-1;9.99861E-2;9.99531E-2;9.99198E-2;9.98856E-2;9.98499E-2;9.98061E-2;9.97677E-2;9.97253E-2;9.96811E-2;9.96319E-2;9.95814E-2;9.95302E-2;9.94699E-2;9.94111E-2;9.93450E-2;9.92874E-2;9.92118E-2;9.91469E-2;9.90756E-2;9.89930E-2;9.89286E-2;9.88474E-2;9.87601E-2;9.86669E-2;9.85711E-2;9.84757E-2;9.83718E-2;9.82658E-2;9.81609E-2;9.80520E-2;9.79438E-2;9.78417E-2;9.77324E-2;9.76388E-2;9.75442E-2;9.74475E-2;9.73556E-2;9.72237E-2
9.00000E-4;9.03715E-2;9.03620E-2;9.03526E-2;9.03446E-2;9.03372E-2;9.03282E-2;9.03174E-2;9.03069E-2;9.02963E-2;9.02851E-2;9.02707E-2;9.02558E-2;9.02432E-2;9.02290E-2;9.02120E-2;9.01963E-2;9.01762E-2;9.01579E-2;9.01391E-2;9.01149E-2;9.00917E-2;9.00699E-2;9.00437E-2;9.00151E-2;8.99887E-2;8.99567E-2;8.99264E-2;8.98943E-2;8.98566E-2;8.98195E-2;8.97807E-2;8.97407E-2;8.96979E-2;8.96519E-2;8.96036E-2;8.95519E-2;8.95000E-2;8.94401E-2;8.93819E-2;8.93176E-2;8.92499E-2;8.91804E-2;8.91059E-2;8.90291E-2;8.89508E-2;8.88691E-2;8.87858E-2;8.86996E-2;8.86089E-2;8.85177E-2;8.84228E-2;8.83252E-2;8.82274E-2;8.81300E-2;8.80382E-2;8.79401E-2;8.78559E-2;8.77705E-2;8.76833E-2;8.76006E-2;8.74823E-2
8.00000E-4;8.03086E-2;8.03005E-2;8.02921E-2;8.02850E-2;8.02784E-2;8.02706E-2;8.02614E-2;8.02518E-2;8.02422E-2;8.02326E-2;8.02196E-2;8.02066E-2;8.01952E-2;8.01827E-2;8.01676E-2;8.01535E-2;8.01360E-2;8.01194E-2;8.01029E-2;8.00815E-2;8.00606E-2;8.00414E-2;8.00183E-2;7.99928E-2;7.99693E-2;7.99405E-2;7.99137E-2;7.98851E-2;7.98517E-2;7.98185E-2;7.97845E-2;7.97487E-2;7.97109E-2;7.96697E-2;7.96273E-2;7.95811E-2;7.95354E-2;7.94821E-2;7.94299E-2;7.93728E-2;7.93128E-2;7.92509E-2;7.91843E-2;7.91158E-2;7.90467E-2;7.89742E-2;7.89001E-2;7.88234E-2;7.87435E-2;7.86619E-2;7.85770E-2;7.84910E-2;7.84046E-2;7.83172E-2;7.82358E-2;7.81485E-2;7.80736E-2;7.79983E-2;7.79208E-2;7.78463E-2;7.77416E-2
7.00000E-4;7.02461E-2;7.02389E-2;7.02317E-2;7.02255E-2;7.02202E-2;7.02130E-2;7.02052E-2;7.01974E-2;7.01881E-2;7.01801E-2;7.01687E-2;7.01573E-2;7.01472E-2;7.01364E-2;7.01232E-2;7.01110E-2;7.00954E-2;7.00812E-2;7.00666E-2;7.00479E-2;7.00300E-2;7.00131E-2;6.99931E-2;6.99705E-2;6.99504E-2;6.99246E-2;6.99016E-2;6.98762E-2;6.98467E-2;6.98181E-2;6.97880E-2;6.97574E-2;6.97241E-2;6.96880E-2;6.96509E-2;6.96105E-2;6.95706E-2;6.95241E-2;6.94784E-2;6.94284E-2;6.93756E-2;6.93213E-2;6.92627E-2;6.92031E-2;6.91426E-2;6.90797E-2;6.90145E-2;6.89476E-2;6.88779E-2;6.88061E-2;6.87317E-2;6.86565E-2;6.85812E-2;6.85046E-2;6.84334E-2;6.83570E-2;6.82911E-2;6.82260E-2;6.81574E-2;6.80928E-2;6.80013E-2
6.00000E-4;6.01834E-2;6.01772E-2;6.01712E-2;6.01663E-2;6.01626E-2;6.01554E-2;6.01490E-2;6.01426E-2;6.01340E-2;6.01278E-2;6.01177E-2;6.01080E-2;6.00994E-2;6.00904E-2;6.00788E-2;6.00686E-2;6.00553E-2;6.00426E-2;6.00306E-2;6.00149E-2;5.99989E-2;5.99847E-2;5.99676E-2;5.99482E-2;5.99308E-2;5.99092E-2;5.98894E-2;5.98673E-2;5.98418E-2;5.98180E-2;5.97918E-2;5.97660E-2;5.97373E-2;5.97063E-2;5.96746E-2;5.96402E-2;5.96061E-2;5.95662E-2;5.95268E-2;5.94837E-2;5.94384E-2;5.93925E-2;5.93419E-2;5.92902E-2;5.92385E-2;5.91852E-2;5.91294E-2;5.90720E-2;5.90120E-2;5.89510E-2;5.88870E-2;5.88227E-2;5.87583E-2;5.86921E-2;5.86315E-2;5.85657E-2;5.85091E-2;5.84534E-2;5.83948E-2;5.83399E-2;5.82613E-2
5.00000E-4;5.01198E-2;5.01149E-2;5.01095E-2;5.01059E-2;5.01019E-2;5.00970E-2;5.00919E-2;5.00861E-2;5.00797E-2;5.00744E-2;5.00659E-2;5.00573E-2;5.00507E-2;5.00429E-2;5.00336E-2;5.00248E-2;5.00140E-2;5.00029E-2;4.99932E-2;4.99799E-2;4.99672E-2;4.99550E-2;4.99415E-2;4.99245E-2;4.99099E-2;4.98921E-2;4.98761E-2;4.98576E-2;4.98357E-2;4.98167E-2;4.97949E-2;4.97732E-2;4.97490E-2;4.97234E-2;4.96975E-2;4.96686E-2;4.96405E-2;4.96067E-2;4.95738E-2;4.95378E-2;4.95003E-2;4.94620E-2;4.94197E-2;4.93763E-2;4.93338E-2;4.92891E-2;4.92421E-2;4.91947E-2;4.91453E-2;4.90944E-2;4.90408E-2;4.89872E-2;4.89341E-2;4.88784E-2;4.88282E-2;4.87731E-2;4.87264E-2;4.86797E-2;4.86316E-2;4.85852E-2;4.85197E-2
4.00000E-4;4.00569E-2;4.00530E-2;4.00487E-2;4.00458E-2;4.00428E-2;4.00392E-2;4.00349E-2;4.00307E-2;4.00256E-2;4.00214E-2;4.00143E-2;4.00073E-2;4.00025E-2;3.99966E-2;3.99890E-2;3.99814E-2;3.99728E-2;3.99643E-2;3.99566E-2;3.99458E-2;3.99359E-2;3.99261E-2;3.99156E-2;3.99020E-2;3.98902E-2;3.98758E-2;3.98635E-2;3.98485E-2;3.98306E-2;3.98156E-2;3.97983E-2;3.97815E-2;3.97617E-2;3.97411E-2;3.97211E-2;3.96973E-2;3.96750E-2;3.96484E-2;3.96219E-2;3.95927E-2;3.95627E-2;3.95323E-2;3.94984E-2;3.94633E-2;3.94293E-2;3.93935E-2;3.93566E-2;3.93187E-2;3.92791E-2;3.92388E-2;3.91956E-2;3.91529E-2;3.91103E-2;3.90660E-2;3.90259E-2;3.89820E-2;3.89446E-2;3.89075E-2;3.88685E-2;3.88318E-2;3.87789E-2
3.00000E-4;2.99936E-2;2.99905E-2;2.99878E-2;2.99857E-2;2.99834E-2;2.99808E-2;2.99781E-2;2.99747E-2;2.99711E-2;2.99683E-2;2.99633E-2;2.99575E-2;2.99534E-2;2.99499E-2;2.99439E-2;2.99384E-2;2.99323E-2;2.99252E-2;2.99199E-2;2.99113E-2;2.99037E-2;2.98970E-2;2.98892E-2;2.98787E-2;2.98702E-2;2.98589E-2;2.98501E-2;2.98390E-2;2.98253E-2;2.98147E-2;2.98013E-2;2.97889E-2;2.97735E-2;2.97588E-2;2.97438E-2;2.97258E-2;2.97098E-2;2.96895E-2;2.96696E-2;2.96474E-2;2.96248E-2;2.96024E-2;2.95765E-2;2.95498E-2;2.95246E-2;2.94980E-2;2.94702E-2;2.94420E-2;2.94127E-2;2.93826E-2;2.93499E-2;2.93184E-2;2.92867E-2;2.92531E-2;2.92225E-2;2.91898E-2;2.91621E-2;2.91346E-2;2.91058E-2;2.90772E-2;2.90375E-2
2.00000E-4;1.99312E-2;1.99292E-2;1.99277E-2;1.99264E-2;1.99252E-2;1.99238E-2;1.99223E-2;1.99202E-2;1.99178E-2;1.99159E-2;1.99127E-2;1.99083E-2;1.99060E-2;1.99047E-2;1.99000E-2;1.98963E-2;1.98921E-2;1.98871E-2;1.98840E-2;1.98782E-2;1.98732E-2;1.98691E-2;1.98645E-2;1.98569E-2;1.98514E-2;1.98433E-2;1.98385E-2;1.98303E-2;1.98208E-2;1.98148E-2;1.98057E-2;1.97973E-2;1.97873E-2;1.97775E-2;1.97678E-2;1.97556E-2;1.97454E-2;1.97315E-2;1.97185E-2;1.97031E-2;1.96882E-2;1.96731E-2;1.96556E-2;1.96375E-2;1.96215E-2;1.96034E-2;1.95852E-2;1.95667E-2;1.95476E-2;1.95273E-2;1.95051E-2;1.94846E-2;1.94637E-2;1.94412E-2;1.94209E-2;1.93987E-2;1.93801E-2;1.93626E-2;1.93432E-2;1.93238E-2;1.92975E-2
1.00000E-4;9.86784E-3;9.86727E-3;9.86635E-3;9.86590E-3;9.86599E-3;9.86591E-3;9.86508E-3;9.86464E-3;9.86304E-3;9.86276E-3;9.86103E-3;9.85792E-3;9.85727E-3;9.85711E-3;9.85539E-3;9.85326E-3;9.85072E-3;9.84815E-3;9.84732E-3;9.84425E-3;9.84159E-3;9.84019E-3;9.83837E-3;9.83377E-3;9.83152E-3;9.82687E-3;9.82524E-3;9.82101E-3;9.81519E-3;9.81342E-3;9.80889E-3;9.80468E-3;9.79976E-3;9.79534E-3;9.79097E-3;9.78467E-3;9.78003E-3;9.77290E-3;9.76621E-3;9.75759E-3;9.75042E-3;9.74343E-3;9.73378E-3;9.72372E-3;9.71653E-3;9.70782E-3;9.69886E-3;9.69014E-3;9.68115E-3;9.67119E-3;9.65948E-3;9.64988E-3;9.63986E-3;9.62785E-3;9.61819E-3;9.60691E-3;9.59801E-3;9.58973E-3;9.57953E-3;9.56948E-3;9.55671E-3
0.00000E+0;-1.94592E-4;-1.94327E-4;-1.94115E-4;-1.93421E-4;-1.92495E-4;-1.91822E-4;-1.91022E-4;-1.90588E-4;-1.90735E-4;-1.89765E-4;-1.90100E-4;-1.91429E-4;-1.90447E-4;-1.89071E-4;-1.88647E-4;-1.89600E-4;-1.89725E-4;-1.90375E-4;-1.89175E-4;-1.89663E-4;-1.89444E-4;-1.88500E-4;-1.86437E-4;-1.88919E-4;-1.87981E-4;-1.89075E-4;-1.86694E-4;-1.88075E-4;-1.89587E-4;-1.86981E-4;-1.87225E-4;-1.87181E-4;-1.87431E-4;-1.86806E-4;-1.85065E-4;-1.86271E-4;-1.84476E-4;-1.85406E-4;-1.85724E-4;-1.87041E-4;-1.86744E-4;-1.85844E-4;-1.87378E-4;-1.88817E-4;-1.87494E-4;-1.87178E-4;-1.86559E-4;-1.85894E-4;-1.84576E-4;-1.84575E-4;-1.85733E-4;-1.83973E-4;-1.83557E-4;-1.84792E-4;-1.84473E-4;-1.84870E-4;-1.84087E-4;-1.82543E-4;-1.83533E-4;-1.84460E-4;-1.83750E-4
-1.00000E-4;-1.02582E-2;-1.02569E-2;-1.02559E-2;-1.02541E-2;-1.02522E-2;-1.02506E-2;-1.02484E-2;-1.02469E-2;-1.02459E-2;-1.02435E-2;-1.02422E-2;-1.02421E-2;-1.02396E-2;-1.02362E-2;-1.02336E-2;-1.02333E-2;-1.02314E-2;-1.02299E-2;-1.02265E-2;-1.02241E-2;-1.02217E-2;-1.02177E-2;-1.02137E-2;-1.02122E-2;-1.02085E-2;-1.02066E-2;-1.02000E-2;-1.01979E-2;-1.01957E-2;-1.01887E-2;-1.01847E-2;-1.01800E-2;-1.01759E-2;-1.01697E-2;-1.01623E-2;-1.01577E-2;-1.01502E-2;-1.01446E-2;-1.01385E-2;-1.01329E-2;-1.01248E-2;-1.01161E-2;-1.01095E-2;-1.01028E-2;-1.00923E-2;-1.00831E-2;-1.00732E-2;-1.00629E-2;-1.00515E-2;-1.00408E-2;-1.00322E-2;-1.00193E-2;-1.00078E-2;-9.99817E-3;-9.98765E-3;-9.97725E-3;-9.96706E-3;-9.95677E-3;-9.94695E-3;-9.93928E-3;-9.92496E-3
-2.00000E-4;-2.03220E-2;-2.03197E-2;-2.03175E-2;-2.03144E-2;-2.03116E-2;-2.03089E-2;-2.03053E-2;-2.03030E-2;-2.03007E-2;-2.02970E-2;-2.02942E-2;-2.02932E-2;-2.02886E-2;-2.02833E-2;-2.02793E-2;-2.02768E-2;-2.02727E-2;-2.02689E-2;-2.02637E-2;-2.02584E-2;-2.02534E-2;-2.02471E-2;-2.02400E-2;-2.02359E-2;-2.02292E-2;-2.02234E-2;-2.02133E-2;-2.02077E-2;-2.02018E-2;-2.01902E-2;-2.01818E-2;-2.01726E-2;-2.01641E-2;-2.01523E-2;-2.01393E-2;-2.01296E-2;-2.01158E-2;-2.01038E-2;-2.00912E-2;-2.00788E-2;-2.00631E-2;-2.00463E-2;-2.00316E-2;-2.00164E-2;-1.99974E-2;-1.99788E-2;-1.99593E-2;-1.99396E-2;-1.99180E-2;-1.98971E-2;-1.98785E-2;-1.98542E-2;-1.98326E-2;-1.98118E-2;-1.97909E-2;-1.97694E-2;-1.97500E-2;-1.97304E-2;-1.97107E-2;-1.96936E-2;-1.96663E-2
-3.00000E-4;-3.03862E-2;-3.03828E-2;-3.03799E-2;-3.03757E-2;-3.03716E-2;-3.03677E-2;-3.03633E-2;-3.03597E-2;-3.03566E-2;-3.03507E-2;-3.03467E-2;-3.03440E-2;-3.03381E-2;-3.03314E-2;-3.03251E-2;-3.03210E-2;-3.03145E-2;-3.03089E-2;-3.03016E-2;-3.02935E-2;-3.02859E-2;-3.02774E-2;-3.02670E-2;-3.02601E-2;-3.02500E-2;-3.02408E-2;-3.02275E-2;-3.02176E-2;-3.02081E-2;-3.01923E-2;-3.01792E-2;-3.01655E-2;-3.01529E-2;-3.01354E-2;-3.01169E-2;-3.01016E-2;-3.00823E-2;-3.00632E-2;-3.00443E-2;-3.00249E-2;-3.00016E-2;-2.99772E-2;-2.99542E-2;-2.99307E-2;-2.99026E-2;-2.98751E-2;-2.98463E-2;-2.98176E-2;-2.97856E-2;-2.97540E-2;-2.97246E-2;-2.96898E-2;-2.96571E-2;-2.96258E-2;-2.95949E-2;-2.95626E-2;-2.95331E-2;-2.95042E-2;-2.94750E-2;-2.94489E-2;-2.94079E-2
-4.00000E-4;-4.04496E-2;-4.04454E-2;-4.04417E-2;-4.04363E-2;-4.04313E-2;-4.04260E-2;-4.04204E-2;-4.04158E-2;-4.04113E-2;-4.04042E-2;-4.03986E-2;-4.03944E-2;-4.03871E-2;-4.03781E-2;-4.03706E-2;-4.03646E-2;-4.03560E-2;-4.03481E-2;-4.03386E-2;-4.03279E-2;-4.03177E-2;-4.03073E-2;-4.02933E-2;-4.02836E-2;-4.02703E-2;-4.02573E-2;-4.02408E-2;-4.02274E-2;-4.02139E-2;-4.01939E-2;-4.01768E-2;-4.01581E-2;-4.01411E-2;-4.01183E-2;-4.00942E-2;-4.00736E-2;-4.00481E-2;-4.00223E-2;-3.99970E-2;-3.99705E-2;-3.99401E-2;-3.99076E-2;-3.98765E-2;-3.98447E-2;-3.98080E-2;-3.97710E-2;-3.97335E-2;-3.96943E-2;-3.96524E-2;-3.96110E-2;-3.95711E-2;-3.95254E-2;-3.94814E-2;-3.94393E-2;-3.93980E-2;-3.93554E-2;-3.93162E-2;-3.92769E-2;-3.92386E-2;-3.92038E-2;-3.91496E-2
-5.00000E-4;-5.05133E-2;-5.05083E-2;-5.05034E-2;-5.04971E-2;-5.04912E-2;-5.04844E-2;-5.04778E-2;-5.04720E-2;-5.04665E-2;-5.04580E-2;-5.04506E-2;-5.04453E-2;-5.04362E-2;-5.04255E-2;-5.04157E-2;-5.04083E-2;-5.03974E-2;-5.03877E-2;-5.03755E-2;-5.03625E-2;-5.03498E-2;-5.03366E-2;-5.03199E-2;-5.03071E-2;-5.02910E-2;-5.02744E-2;-5.02538E-2;-5.02372E-2;-5.02194E-2;-5.01954E-2;-5.01738E-2;-5.01509E-2;-5.01292E-2;-5.01013E-2;-5.00717E-2;-5.00450E-2;-5.00137E-2;-4.99818E-2;-4.99496E-2;-4.99164E-2;-4.98782E-2;-4.98378E-2;-4.97985E-2;-4.97583E-2;-4.97128E-2;-4.96669E-2;-4.96201E-2;-4.95712E-2;-4.95189E-2;-4.94675E-2;-4.94171E-2;-4.93604E-2;-4.93058E-2;-4.92525E-2;-4.92012E-2;-4.91480E-2;-4.90988E-2;-4.90508E-2;-4.90027E-2;-4.89586E-2;-4.88908E-2
-6.00000E-4;-6.05778E-2;-6.05717E-2;-6.05655E-2;-6.05584E-2;-6.05514E-2;-6.05434E-2;-6.05355E-2;-6.05287E-2;-6.05220E-2;-6.05121E-2;-6.05033E-2;-6.04964E-2;-6.04858E-2;-6.04734E-2;-6.04616E-2;-6.04523E-2;-6.04394E-2;-6.04281E-2;-6.04133E-2;-6.03975E-2;-6.03824E-2;-6.03668E-2;-6.03469E-2;-6.03307E-2;-6.03119E-2;-6.02918E-2;-6.02680E-2;-6.02478E-2;-6.02260E-2;-6.01978E-2;-6.01711E-2;-6.01441E-2;-6.01176E-2;-6.00845E-2;-6.00494E-2;-6.00176E-2;-5.99804E-2;-5.99414E-2;-5.99027E-2;-5.98626E-2;-5.98168E-2;-5.97686E-2;-5.97214E-2;-5.96726E-2;-5.96186E-2;-5.95634E-2;-5.95070E-2;-5.94489E-2;-5.93862E-2;-5.93246E-2;-5.92641E-2;-5.91968E-2;-5.91308E-2;-5.90669E-2;-5.90051E-2;-5.89412E-2;-5.88828E-2;-5.88252E-2;-5.87665E-2;-5.87131E-2;-5.86327E-2
-7.00000E-4;-7.06410E-2;-7.06340E-2;-7.06265E-2;-7.06186E-2;-7.06101E-2;-7.06015E-2;-7.05919E-2;-7.05844E-2;-7.05764E-2;-7.05651E-2;-7.05545E-2;-7.05466E-2;-7.05344E-2;-7.05199E-2;-7.05066E-2;-7.04954E-2;-7.04801E-2;-7.04670E-2;-7.04498E-2;-7.04313E-2;-7.04138E-2;-7.03952E-2;-7.03731E-2;-7.03535E-2;-7.03319E-2;-7.03074E-2;-7.02809E-2;-7.02572E-2;-7.02312E-2;-7.01986E-2;-7.01681E-2;-7.01362E-2;-7.01052E-2;-7.00667E-2;-7.00263E-2;-6.99887E-2;-6.99452E-2;-6.99003E-2;-6.98547E-2;-6.98079E-2;-6.97541E-2;-6.96985E-2;-6.96427E-2;-6.95865E-2;-6.95232E-2;-6.94587E-2;-6.93929E-2;-6.93249E-2;-6.92523E-2;-6.91805E-2;-6.91097E-2;-6.90312E-2;-6.89544E-2;-6.88796E-2;-6.88075E-2;-6.87332E-2;-6.86647E-2;-6.85979E-2;-6.85295E-2;-6.84677E-2;-6.83731E-2
-8.00000E-4;-8.07044E-2;-8.06965E-2;-8.06880E-2;-8.06789E-2;-8.06696E-2;-8.06601E-2;-8.06490E-2;-8.06401E-2;-8.06314E-2;-8.06183E-2;-8.06065E-2;-8.05965E-2;-8.05830E-2;-8.05672E-2;-8.05517E-2;-8.05385E-2;-8.05210E-2;-8.05060E-2;-8.04868E-2;-8.04657E-2;-8.04451E-2;-8.04248E-2;-8.03994E-2;-8.03767E-2;-8.03519E-2;-8.03250E-2;-8.02938E-2;-8.02668E-2;-8.02370E-2;-8.01997E-2;-8.01649E-2;-8.01289E-2;-8.00927E-2;-8.00493E-2;-8.00032E-2;-7.99598E-2;-7.99106E-2;-7.98590E-2;-7.98073E-2;-7.97531E-2;-7.96920E-2;-7.96289E-2;-7.95649E-2;-7.95002E-2;-7.94277E-2;-7.93540E-2;-7.92795E-2;-7.92014E-2;-7.91186E-2;-7.90368E-2;-7.89555E-2;-7.88661E-2;-7.87785E-2;-7.86930E-2;-7.86107E-2;-7.85253E-2;-7.84473E-2;-7.83707E-2;-7.82928E-2;-7.82217E-2;-7.81140E-2
-9.00000E-4;-9.07669E-2;-9.07576E-2;-9.07481E-2;-9.07382E-2;-9.07281E-2;-9.07176E-2;-9.07048E-2;-9.06948E-2;-9.06845E-2;-9.06708E-2;-9.06572E-2;-9.06458E-2;-9.06308E-2;-9.06132E-2;-9.05959E-2;-9.05807E-2;-9.05615E-2;-9.05443E-2;-9.05226E-2;-9.04990E-2;-9.04758E-2;-9.04531E-2;-9.04246E-2;-9.03992E-2;-9.03711E-2;-9.03405E-2;-9.03060E-2;-9.02755E-2;-9.02415E-2;-9.02000E-2;-9.01607E-2;-9.01207E-2;-9.00794E-2;-9.00307E-2;-8.99791E-2;-8.99303E-2;-8.98748E-2;-8.98168E-2;-8.97587E-2;-8.96979E-2;-8.96286E-2;-8.95579E-2;-8.94861E-2;-8.94130E-2;-8.93311E-2;-8.92487E-2;-8.91651E-2;-8.90774E-2;-8.89844E-2;-8.88921E-2;-8.88004E-2;-8.87002E-2;-8.86015E-2;-8.85051E-2;-8.84128E-2;-8.83169E-2;-8.82292E-2;-8.81426E-2;-8.80524E-2;-8.79755E-2;-8.78542E-2
-1.00000E-3;-1.00831E-1;-1.00821E-1;-1.00809E-1;-1.00799E-1;-1.00788E-1;-1.00776E-1;-1.00762E-1;-1.00751E-1;-1.00739E-1;-1.00724E-1;-1.00709E-1;-1.00696E-1;-1.00680E-1;-1.00660E-1;-1.00641E-1;-1.00624E-1;-1.00603E-1;-1.00583E-1;-1.00560E-1;-1.00534E-1;-1.00508E-1;-1.00483E-1;-1.00451E-1;-1.00423E-1;-1.00391E-1;-1.00357E-1;-1.00319E-1;-1.00286E-1;-1.00247E-1;-1.00201E-1;-1.00158E-1;-1.00113E-1;-1.00068E-1;-1.00013E-1;-9.99563E-2;-9.99024E-2;-9.98404E-2;-9.97757E-2;-9.97114E-2;-9.96433E-2;-9.95668E-2;-9.94876E-2;-9.94082E-2;-9.93265E-2;-9.92361E-2;-9.91441E-2;-9.90516E-2;-9.89546E-2;-9.88510E-2;-9.87486E-2;-9.86466E-2;-9.85348E-2;-9.84253E-2;-9.83184E-2;-9.82155E-2;-9.81088E-2;-9.80121E-2;-9.79161E-2;-9.78196E-2;-9.77299E-2;-9.75951E-2
-1.10000E-3;-1.10894E-1;-1.10883E-1;-1.10871E-1;-1.10859E-1;-1.10847E-1;-1.10834E-1;-1.10819E-1;-1.10807E-1;-1.10794E-1;-1.10777E-1;-1.10761E-1;-1.10745E-1;-1.10729E-1;-1.10707E-1;-1.10686E-1;-1.10667E-1;-1.10644E-1;-1.10622E-1;-1.10597E-1;-1.10568E-1;-1.10539E-1;-1.10512E-1;-1.10477E-1;-1.10446E-1;-1.10411E-1;-1.10374E-1;-1.10332E-1;-1.10295E-1;-1.10253E-1;-1.10202E-1;-1.10155E-1;-1.10105E-1;-1.10055E-1;-1.09996E-1;-1.09934E-1;-1.09874E-1;-1.09806E-1;-1.09735E-1;-1.09664E-1;-1.09589E-1;-1.09505E-1;-1.09417E-1;-1.09330E-1;-1.09240E-1;-1.09141E-1;-1.09040E-1;-1.08938E-1;-1.08831E-1;-1.08717E-1;-1.08605E-1;-1.08492E-1;-1.08370E-1;-1.08249E-1;-1.08132E-1;-1.08018E-1;-1.07901E-1;-1.07795E-1;-1.07689E-1;-1.07583E-1;-1.07483E-1;-1.07336E-1
-1.20000E-3;-1.20957E-1;-1.20945E-1;-1.20932E-1;-1.20919E-1;-1.20906E-1;-1.20892E-1;-1.20875E-1;-1.20861E-1;-1.20848E-1;-1.20830E-1;-1.20812E-1;-1.20796E-1;-1.20777E-1;-1.20753E-1;-1.20730E-1;-1.20710E-1;-1.20684E-1;-1.20661E-1;-1.20633E-1;-1.20602E-1;-1.20571E-1;-1.20540E-1;-1.20502E-1;-1.20468E-1;-1.20431E-1;-1.20390E-1;-1.20344E-1;-1.20304E-1;-1.20258E-1;-1.20203E-1;-1.20152E-1;-1.20097E-1;-1.20042E-1;-1.19978E-1;-1.19910E-1;-1.19844E-1;-1.19771E-1;-1.19693E-1;-1.19615E-1;-1.19534E-1;-1.19442E-1;-1.19347E-1;-1.19251E-1;-1.19153E-1;-1.19045E-1;-1.18935E-1;-1.18824E-1;-1.18707E-1;-1.18583E-1;-1.18460E-1;-1.18338E-1;-1.18204E-1;-1.18073E-1;-1.17944E-1;-1.17821E-1;-1.17692E-1;-1.17577E-1;-1.17461E-1;-1.17346E-1;-1.17237E-1;-1.17077E-1
-1.30000E-3;-1.31021E-1;-1.31008E-1;-1.30994E-1;-1.30980E-1;-1.30966E-1;-1.30951E-1;-1.30933E-1;-1.30919E-1;-1.30904E-1;-1.30884E-1;-1.30865E-1;-1.30847E-1;-1.30827E-1;-1.30801E-1;-1.30776E-1;-1.30755E-1;-1.30726E-1;-1.30701E-1;-1.30671E-1;-1.30637E-1;-1.30603E-1;-1.30570E-1;-1.30529E-1;-1.30493E-1;-1.30452E-1;-1.30408E-1;-1.30359E-1;-1.30314E-1;-1.30265E-1;-1.30205E-1;-1.30149E-1;-1.30091E-1;-1.30031E-1;-1.29961E-1;-1.29888E-1;-1.29816E-1;-1.29737E-1;-1.29653E-1;-1.29568E-1;-1.29480E-1;-1.29381E-1;-1.29279E-1;-1.29174E-1;-1.29067E-1;-1.28951E-1;-1.28831E-1;-1.28711E-1;-1.28584E-1;-1.28450E-1;-1.28318E-1;-1.28185E-1;-1.28040E-1;-1.27898E-1;-1.27758E-1;-1.27625E-1;-1.27485E-1;-1.27360E-1;-1.27235E-1;-1.27110E-1;-1.26993E-1;-1.26819E-1
-1.40000E-3;-1.41086E-1;-1.41072E-1;-1.41057E-1;-1.41042E-1;-1.41026E-1;-1.41010E-1;-1.40991E-1;-1.40976E-1;-1.40960E-1;-1.40938E-1;-1.40917E-1;-1.40898E-1;-1.40876E-1;-1.40849E-1;-1.40822E-1;-1.40799E-1;-1.40768E-1;-1.40741E-1;-1.40709E-1;-1.40672E-1;-1.40636E-1;-1.40600E-1;-1.40556E-1;-1.40517E-1;-1.40473E-1;-1.40426E-1;-1.40373E-1;-1.40325E-1;-1.40271E-1;-1.40207E-1;-1.40148E-1;-1.40084E-1;-1.40020E-1;-1.39945E-1;-1.39866E-1;-1.39789E-1;-1.39704E-1;-1.39612E-1;-1.39522E-1;-1.39426E-1;-1.39320E-1;-1.39210E-1;-1.39097E-1;-1.38982E-1;-1.38857E-1;-1.38728E-1;-1.38598E-1;-1.38462E-1;-1.38317E-1;-1.38175E-1;-1.38032E-1;-1.37876E-1;-1.37723E-1;-1.37572E-1;-1.37429E-1;-1.37278E-1;-1.37144E-1;-1.37009E-1;-1.36874E-1;-1.36748E-1;-1.36560E-1
-1.50000E-3;-1.51151E-1;-1.51135E-1;-1.51119E-1;-1.51103E-1;-1.51087E-1;-1.51070E-1;-1.51050E-1;-1.51033E-1;-1.51016E-1;-1.50993E-1;-1.50970E-1;-1.50949E-1;-1.50926E-1;-1.50897E-1;-1.50868E-1;-1.50844E-1;-1.50811E-1;-1.50782E-1;-1.50747E-1;-1.50708E-1;-1.50669E-1;-1.50631E-1;-1.50583E-1;-1.50541E-1;-1.50495E-1;-1.50444E-1;-1.50388E-1;-1.50336E-1;-1.50279E-1;-1.50210E-1;-1.50146E-1;-1.50078E-1;-1.50009E-1;-1.49929E-1;-1.49844E-1;-1.49762E-1;-1.49670E-1;-1.49573E-1;-1.49476E-1;-1.49373E-1;-1.49259E-1;-1.49141E-1;-1.49021E-1;-1.48897E-1;-1.48763E-1;-1.48625E-1;-1.48485E-1;-1.48340E-1;-1.48185E-1;-1.48032E-1;-1.47879E-1;-1.47712E-1;-1.47548E-1;-1.47386E-1;-1.47233E-1;-1.47072E-1;-1.46927E-1;-1.46784E-1;-1.46638E-1;-1.46504E-1;-1.46302E-1
-1.60000E-3;-1.61214E-1;-1.61198E-1;-1.61181E-1;-1.61164E-1;-1.61146E-1;-1.61128E-1;-1.61106E-1;-1.61089E-1;-1.61071E-1;-1.61046E-1;-1.61022E-1;-1.61000E-1;-1.60975E-1;-1.60944E-1;-1.60914E-1;-1.60888E-1;-1.60852E-1;-1.60821E-1;-1.60784E-1;-1.60743E-1;-1.60701E-1;-1.60660E-1;-1.60610E-1;-1.60565E-1;-1.60515E-1;-1.60461E-1;-1.60401E-1;-1.60346E-1;-1.60284E-1;-1.60211E-1;-1.60143E-1;-1.60071E-1;-1.59997E-1;-1.59912E-1;-1.59822E-1;-1.59734E-1;-1.59636E-1;-1.59533E-1;-1.59428E-1;-1.59319E-1;-1.59198E-1;-1.59072E-1;-1.58943E-1;-1.58811E-1;-1.58668E-1;-1.58521E-1;-1.58372E-1;-1.58217E-1;-1.58052E-1;-1.57889E-1;-1.57725E-1;-1.57548E-1;-1.57373E-1;-1.57200E-1;-1.57037E-1;-1.56864E-1;-1.56711E-1;-1.56558E-1;-1.56403E-1;-1.56259E-1;-1.56044E-1
-1.70000E-3;-1.71279E-1;-1.71261E-1;-1.71242E-1;-1.71225E-1;-1.71205E-1;-1.71187E-1;-1.71164E-1;-1.71145E-1;-1.71125E-1;-1.71100E-1;-1.71075E-1;-1.71051E-1;-1.71025E-1;-1.70992E-1;-1.70959E-1;-1.70931E-1;-1.70894E-1;-1.70861E-1;-1.70822E-1;-1.70777E-1;-1.70733E-1;-1.70690E-1;-1.70636E-1;-1.70588E-1;-1.70536E-1;-1.70478E-1;-1.70414E-1;-1.70356E-1;-1.70290E-1;-1.70213E-1;-1.70140E-1;-1.70063E-1;-1.69984E-1;-1.69895E-1;-1.69799E-1;-1.69705E-1;-1.69602E-1;-1.69492E-1;-1.69381E-1;-1.69264E-1;-1.69135E-1;-1.69002E-1;-1.68865E-1;-1.68725E-1;-1.68573E-1;-1.68417E-1;-1.68259E-1;-1.68094E-1;-1.67919E-1;-1.67746E-1;-1.67571E-1;-1.67383E-1;-1.67197E-1;-1.67013E-1;-1.66840E-1;-1.66656E-1;-1.66494E-1;-1.66330E-1;-1.66166E-1;-1.66013E-1;-1.65785E-1
-1.80000E-3;-1.81343E-1;-1.81323E-1;-1.81304E-1;-1.81286E-1;-1.81265E-1;-1.81246E-1;-1.81221E-1;-1.81201E-1;-1.81181E-1;-1.81153E-1;-1.81125E-1;-1.81101E-1;-1.81073E-1;-1.81039E-1;-1.81004E-1;-1.80975E-1;-1.80935E-1;-1.80900E-1;-1.80858E-1;-1.80811E-1;-1.80765E-1;-1.80719E-1;-1.80663E-1;-1.80612E-1;-1.80556E-1;-1.80495E-1;-1.80427E-1;-1.80366E-1;-1.80296E-1;-1.80215E-1;-1.80137E-1;-1.80056E-1;-1.79973E-1;-1.79877E-1;-1.79777E-1;-1.79677E-1;-1.79568E-1;-1.79451E-1;-1.79333E-1;-1.79210E-1;-1.79074E-1;-1.78933E-1;-1.78788E-1;-1.78639E-1;-1.78478E-1;-1.78313E-1;-1.78146E-1;-1.77971E-1;-1.77786E-1;-1.77603E-1;-1.77418E-1;-1.77218E-1;-1.77022E-1;-1.76828E-1;-1.76644E-1;-1.76449E-1;-1.76277E-1;-1.76104E-1;-1.75930E-1;-1.75769E-1;-1.75527E-1
-1.90000E-3;-1.91407E-1;-1.91386E-1;-1.91366E-1;-1.91346E-1;-1.91325E-1;-1.91305E-1;-1.91279E-1;-1.91258E-1;-1.91236E-1;-1.91207E-1;-1.91179E-1;-1.91151E-1;-1.91123E-1;-1.91087E-1;-1.91050E-1;-1.91019E-1;-1.90977E-1;-1.90940E-1;-1.90896E-1;-1.90846E-1;-1.90797E-1;-1.90749E-1;-1.90689E-1;-1.90635E-1;-1.90577E-1;-1.90513E-1;-1.90441E-1;-1.90376E-1;-1.90302E-1;-1.90217E-1;-1.90134E-1;-1.90049E-1;-1.89961E-1;-1.89860E-1;-1.89754E-1;-1.89649E-1;-1.89534E-1;-1.89410E-1;-1.89286E-1;-1.89156E-1;-1.89012E-1;-1.88863E-1;-1.88710E-1;-1.88553E-1;-1.88383E-1;-1.88208E-1;-1.88033E-1;-1.87848E-1;-1.87653E-1;-1.87459E-1;-1.87264E-1;-1.87053E-1;-1.86846E-1;-1.86641E-1;-1.86446E-1;-1.86241E-1;-1.86059E-1;-1.85877E-1;-1.85693E-1;-1.85522E-1;-1.85268E-1
-2.00000E-3;-2.01470E-1;-2.01448E-1;-2.01427E-1;-2.01406E-1;-2.01385E-1;-2.01363E-1;-2.01335E-1;-2.01313E-1;-2.01291E-1;-2.01260E-1;-2.01230E-1;-2.01201E-1;-2.01172E-1;-2.01134E-1;-2.01095E-1;-2.01062E-1;-2.01018E-1;-2.00979E-1;-2.00933E-1;-2.00880E-1;-2.00828E-1;-2.00778E-1;-2.00715E-1;-2.00658E-1;-2.00597E-1;-2.00529E-1;-2.00454E-1;-2.00385E-1;-2.00307E-1;-2.00218E-1;-2.00131E-1;-2.00042E-1;-1.99949E-1;-1.99842E-1;-1.99731E-1;-1.99621E-1;-1.99499E-1;-1.99369E-1;-1.99238E-1;-1.99102E-1;-1.98950E-1;-1.98793E-1;-1.98632E-1;-1.98467E-1;-1.98288E-1;-1.98104E-1;-1.97919E-1;-1.97724E-1;-1.97520E-1;-1.97316E-1;-1.97110E-1;-1.96888E-1;-1.96671E-1;-1.96455E-1;-1.96250E-1;-1.96034E-1;-1.95842E-1;-1.95651E-1;-1.95458E-1;-1.95278E-1;-1.95010E-1
-2.10000E-3;-2.11585E-1;-2.11562E-1;-2.11541E-1;-2.11520E-1;-2.11496E-1;-2.11473E-1;-2.11442E-1;-2.11419E-1;-2.11396E-1;-2.11364E-1;-2.11331E-1;-2.11303E-1;-2.11272E-1;-2.11234E-1;-2.11192E-1;-2.11156E-1;-2.11110E-1;-2.11072E-1;-2.11019E-1;-2.10964E-1;-2.10907E-1;-2.10857E-1;-2.10788E-1;-2.10731E-1;-2.10666E-1;-2.10596E-1;-2.10516E-1;-2.10445E-1;-2.10363E-1;-2.10266E-1;-2.10175E-1;-2.10080E-1;-2.09986E-1;-2.09870E-1;-2.09745E-1;-2.09601E-1;-2.09475E-1;-2.09329E-1;-2.09192E-1;-2.09048E-1;-2.08888E-1;-2.08724E-1;-2.08554E-1;-2.08381E-1;-2.08193E-1;-2.08000E-1;-2.07806E-1;-2.07602E-1;-2.07387E-1;-2.07172E-1;-2.06957E-1;-2.06723E-1;-2.06494E-1;-2.06268E-1;-2.06053E-1;-2.05825E-1;-2.05625E-1;-2.05424E-1;-2.05221E-1;-2.05032E-1;-2.04750E-1
-2.20000E-3;-2.21651E-1;-2.21627E-1;-2.21605E-1;-2.21583E-1;-2.21557E-1;-2.21532E-1;-2.21500E-1;-2.21476E-1;-2.21453E-1;-2.21419E-1;-2.21386E-1;-2.21355E-1;-2.21323E-1;-2.21283E-1;-2.21240E-1;-2.21202E-1;-2.21153E-1;-2.21113E-1;-2.21058E-1;-2.21001E-1;-2.20942E-1;-2.20889E-1;-2.20817E-1;-2.20757E-1;-2.20689E-1;-2.20615E-1;-2.20531E-1;-2.20457E-1;-2.20371E-1;-2.20269E-1;-2.20174E-1;-2.20076E-1;-2.19975E-1;-2.19858E-1;-2.19731E-1;-2.19613E-1;-2.19482E-1;-2.19338E-1;-2.19194E-1;-2.19045E-1;-2.18875E-1;-2.18704E-1;-2.18526E-1;-2.18344E-1;-2.18145E-1;-2.17941E-1;-2.17738E-1;-2.17524E-1;-2.17298E-1;-2.17072E-1;-2.16847E-1;-2.16600E-1;-2.16363E-1;-2.16126E-1;-2.15900E-1;-2.15663E-1;-2.15453E-1;-2.15242E-1;-2.15028E-1;-2.14832E-1;-2.14538E-1
-2.30000E-3;-2.31715E-1;-2.31689E-1;-2.31666E-1;-2.31643E-1;-2.31616E-1;-2.31591E-1;-2.31557E-1;-2.31532E-1;-2.31507E-1;-2.31472E-1;-2.31437E-1;-2.31405E-1;-2.31371E-1;-2.31329E-1;-2.31285E-1;-2.31244E-1;-2.31193E-1;-2.31151E-1;-2.31095E-1;-2.31034E-1;-2.30973E-1;-2.30918E-1;-2.30842E-1;-2.30779E-1;-2.30709E-1;-2.30632E-1;-2.30544E-1;-2.30466E-1;-2.30376E-1;-2.30271E-1;-2.30170E-1;-2.30068E-1;-2.29963E-1;-2.29840E-1;-2.29709E-1;-2.29584E-1;-2.29446E-1;-2.29296E-1;-2.29147E-1;-2.28989E-1;-2.28812E-1;-2.28633E-1;-2.28446E-1;-2.28256E-1;-2.28049E-1;-2.27836E-1;-2.27625E-1;-2.27400E-1;-2.27166E-1;-2.26929E-1;-2.26694E-1;-2.26436E-1;-2.26188E-1;-2.25940E-1;-2.25704E-1;-2.25457E-1;-2.25237E-1;-2.25017E-1;-2.24794E-1;-2.24588E-1;-2.24281E-1
-2.40000E-3;-2.41777E-1;-2.41751E-1;-2.41727E-1;-2.41703E-1;-2.41675E-1;-2.41648E-1;-2.41614E-1;-2.41588E-1;-2.41562E-1;-2.41525E-1;-2.41488E-1;-2.41454E-1;-2.41420E-1;-2.41376E-1;-2.41329E-1;-2.41288E-1;-2.41235E-1;-2.41189E-1;-2.41132E-1;-2.41068E-1;-2.41004E-1;-2.40947E-1;-2.40868E-1;-2.40803E-1;-2.40729E-1;-2.40648E-1;-2.40557E-1;-2.40476E-1;-2.40381E-1;-2.40272E-1;-2.40168E-1;-2.40060E-1;-2.39950E-1;-2.39822E-1;-2.39686E-1;-2.39555E-1;-2.39412E-1;-2.39255E-1;-2.39098E-1;-2.38934E-1;-2.38750E-1;-2.38562E-1;-2.38367E-1;-2.38170E-1;-2.37954E-1;-2.37732E-1;-2.37511E-1;-2.37277E-1;-2.37032E-1;-2.36785E-1;-2.36539E-1;-2.36270E-1;-2.36010E-1;-2.35753E-1;-2.35507E-1;-2.35249E-1;-2.35020E-1;-2.34789E-1;-2.34556E-1;-2.34342E-1;-2.34022E-1
-2.50000E-3;-2.51840E-1;-2.51814E-1;-2.51788E-1;-2.51763E-1;-2.51735E-1;-2.51706E-1;-2.51670E-1;-2.51644E-1;-2.51617E-1;-2.51579E-1;-2.51540E-1;-2.51505E-1;-2.51470E-1;-2.51422E-1;-2.51374E-1;-2.51331E-1;-2.51274E-1;-2.51228E-1;-2.51169E-1;-2.51102E-1;-2.51036E-1;-2.50976E-1;-2.50894E-1;-2.50826E-1;-2.50750E-1;-2.50665E-1;-2.50570E-1;-2.50484E-1;-2.50387E-1;-2.50273E-1;-2.50165E-1;-2.50053E-1;-2.49939E-1;-2.49805E-1;-2.49662E-1;-2.49527E-1;-2.49378E-1;-2.49214E-1;-2.49051E-1;-2.48880E-1;-2.48688E-1;-2.48492E-1;-2.48290E-1;-2.48083E-1;-2.47859E-1;-2.47627E-1;-2.47397E-1;-2.47153E-1;-2.46898E-1;-2.46640E-1;-2.46385E-1;-2.46104E-1;-2.45834E-1;-2.45567E-1;-2.45310E-1;-2.45040E-1;-2.44803E-1;-2.44562E-1;-2.44318E-1;-2.44095E-1;-2.43763E-1
-2.60000E-3;-2.61906E-1;-2.61879E-1;-2.61853E-1;-2.61827E-1;-2.61797E-1;-2.61767E-1;-2.61730E-1;-2.61702E-1;-2.61674E-1;-2.61635E-1;-2.61594E-1;-2.61558E-1;-2.61521E-1;-2.61471E-1;-2.61421E-1;-2.61377E-1;-2.61318E-1;-2.61270E-1;-2.61208E-1;-2.61139E-1;-2.61071E-1;-2.61007E-1;-2.60923E-1;-2.60852E-1;-2.60773E-1;-2.60684E-1;-2.60585E-1;-2.60496E-1;-2.60395E-1;-2.60277E-1;-2.60164E-1;-2.60049E-1;-2.59929E-1;-2.59791E-1;-2.59643E-1;-2.59502E-1;-2.59346E-1;-2.59176E-1;-2.59006E-1;-2.58828E-1;-2.58628E-1;-2.58425E-1;-2.58214E-1;-2.58000E-1;-2.57767E-1;-2.57525E-1;-2.57285E-1;-2.57033E-1;-2.56765E-1;-2.56498E-1;-2.56232E-1;-2.55940E-1;-2.55659E-1;-2.55381E-1;-2.55114E-1;-2.54834E-1;-2.54587E-1;-2.54336E-1;-2.54082E-1;-2.53851E-1;-2.53506E-1
-2.70000E-3;-2.71970E-1;-2.71941E-1;-2.71915E-1;-2.71887E-1;-2.71856E-1;-2.71826E-1;-2.71788E-1;-2.71758E-1;-2.71728E-1;-2.71688E-1;-2.71646E-1;-2.71609E-1;-2.71569E-1;-2.71518E-1;-2.71466E-1;-2.71421E-1;-2.71360E-1;-2.71310E-1;-2.71246E-1;-2.71173E-1;-2.71103E-1;-2.71037E-1;-2.70949E-1;-2.70875E-1;-2.70793E-1;-2.70701E-1;-2.70599E-1;-2.70507E-1;-2.70402E-1;-2.70280E-1;-2.70162E-1;-2.70041E-1;-2.69916E-1;-2.69773E-1;-2.69620E-1;-2.69474E-1;-2.69312E-1;-2.69135E-1;-2.68959E-1;-2.68773E-1;-2.68567E-1;-2.68355E-1;-2.68137E-1;-2.67914E-1;-2.67672E-1;-2.67421E-1;-2.67173E-1;-2.66911E-1;-2.66634E-1;-2.66358E-1;-2.66080E-1;-2.65779E-1;-2.65485E-1;-2.65197E-1;-2.64920E-1;-2.64629E-1;-2.64373E-1;-2.64112E-1;-2.63848E-1;-2.63608E-1;-2.63250E-1
-2.80000E-3;-2.82035E-1;-2.82006E-1;-2.81978E-1;-2.81949E-1;-2.81917E-1;-2.81886E-1;-2.81847E-1;-2.81816E-1;-2.81785E-1;-2.81742E-1;-2.81700E-1;-2.81661E-1;-2.81619E-1;-2.81566E-1;-2.81512E-1;-2.81465E-1;-2.81402E-1;-2.81350E-1;-2.81284E-1;-2.81209E-1;-2.81136E-1;-2.81068E-1;-2.80977E-1;-2.80900E-1;-2.80814E-1;-2.80718E-1;-2.80613E-1;-2.80517E-1;-2.80409E-1;-2.80283E-1;-2.80160E-1;-2.80035E-1;-2.79905E-1;-2.79758E-1;-2.79598E-1;-2.79448E-1;-2.79279E-1;-2.79095E-1;-2.78912E-1;-2.78720E-1;-2.78505E-1;-2.78286E-1;-2.78059E-1;-2.77829E-1;-2.77578E-1;-2.77318E-1;-2.77060E-1;-2.76788E-1;-2.76502E-1;-2.76214E-1;-2.75927E-1;-2.75614E-1;-2.75309E-1;-2.75011E-1;-2.74724E-1;-2.74423E-1;-2.74155E-1;-2.73886E-1;-2.73612E-1;-2.73363E-1;-2.72991E-1
-2.90000E-3;-2.92099E-1;-2.92068E-1;-2.92040E-1;-2.92010E-1;-2.91977E-1;-2.91945E-1;-2.91905E-1;-2.91873E-1;-2.91841E-1;-2.91797E-1;-2.91752E-1;-2.91712E-1;-2.91669E-1;-2.91614E-1;-2.91558E-1;-2.91510E-1;-2.91444E-1;-2.91390E-1;-2.91322E-1;-2.91245E-1;-2.91169E-1;-2.91098E-1;-2.91005E-1;-2.90924E-1;-2.90835E-1;-2.90736E-1;-2.90627E-1;-2.90527E-1;-2.90415E-1;-2.90285E-1;-2.90157E-1;-2.90028E-1;-2.89894E-1;-2.89741E-1;-2.89576E-1;-2.89420E-1;-2.89245E-1;-2.89055E-1;-2.88866E-1;-2.88668E-1;-2.88445E-1;-2.88218E-1;-2.87983E-1;-2.87743E-1;-2.87483E-1;-2.87215E-1;-2.86948E-1;-2.86666E-1;-2.86369E-1;-2.86072E-1;-2.85774E-1;-2.85450E-1;-2.85135E-1;-2.84826E-1;-2.84529E-1;-2.84215E-1;-2.83939E-1;-2.83660E-1;-2.83377E-1;-2.83119E-1;-2.82734E-1
-3.00000E-3;-3.02166E-1;-3.02134E-1;-3.02104E-1;-3.02074E-1;-3.02039E-1;-3.02006E-1;-3.01965E-1;-3.01931E-1;-3.01898E-1;-3.01853E-1;-3.01806E-1;-3.01766E-1;-3.01720E-1;-3.01664E-1;-3.01606E-1;-3.01556E-1;-3.01488E-1;-3.01432E-1;-3.01362E-1;-3.01282E-1;-3.01203E-1;-3.01130E-1;-3.01034E-1;-3.00950E-1;-3.00858E-1;-3.00756E-1;-3.00643E-1;-3.00539E-1;-3.00424E-1;-3.00289E-1;-3.00157E-1;-3.00023E-1;-2.99885E-1;-2.99726E-1;-2.99555E-1;-2.99394E-1;-2.99214E-1;-2.99017E-1;-2.98821E-1;-2.98615E-1;-2.98385E-1;-2.98150E-1;-2.97908E-1;-2.97659E-1;-2.97390E-1;-2.97113E-1;-2.96836E-1;-2.96544E-1;-2.96237E-1;-2.95929E-1;-2.95621E-1;-2.95287E-1;-2.94960E-1;-2.94641E-1;-2.94333E-1;-2.94009E-1;-2.93724E-1;-2.93435E-1;-2.93142E-1;-2.92874E-1;-2.92476E-1
-3.10000E-3;-3.12228E-1;-3.12195E-1;-3.12165E-1;-3.12134E-1;-3.12098E-1;-3.12063E-1;-3.12022E-1;-3.11986E-1;-3.11952E-1;-3.11906E-1;-3.11858E-1;-3.11815E-1;-3.11769E-1;-3.11710E-1;-3.11651E-1;-3.11599E-1;-3.11529E-1;-3.11471E-1;-3.11398E-1;-3.11316E-1;-3.11235E-1;-3.11158E-1;-3.11060E-1;-3.10973E-1;-3.10878E-1;-3.10771E-1;-3.10655E-1;-3.10549E-1;-3.10430E-1;-3.10289E-1;-3.10154E-1;-3.10015E-1;-3.09872E-1;-3.09708E-1;-3.09532E-1;-3.09365E-1;-3.09179E-1;-3.08975E-1;-3.08772E-1;-3.08560E-1;-3.08322E-1;-3.08080E-1;-3.07830E-1;-3.07572E-1;-3.07294E-1;-3.07009E-1;-3.06723E-1;-3.06421E-1;-3.06104E-1;-3.05787E-1;-3.05468E-1;-3.05123E-1;-3.04786E-1;-3.04456E-1;-3.04138E-1;-3.03802E-1;-3.03507E-1;-3.03211E-1;-3.02907E-1;-3.02631E-1;-3.02218E-1
-3.20000E-3;-3.22293E-1;-3.22259E-1;-3.22228E-1;-3.22195E-1;-3.22160E-1;-3.22123E-1;-3.22081E-1;-3.22044E-1;-3.22009E-1;-3.21961E-1;-3.21911E-1;-3.21867E-1;-3.21819E-1;-3.21759E-1;-3.21697E-1;-3.21644E-1;-3.21572E-1;-3.21512E-1;-3.21435E-1;-3.21352E-1;-3.21268E-1;-3.21189E-1;-3.21088E-1;-3.20998E-1;-3.20900E-1;-3.20789E-1;-3.20670E-1;-3.20560E-1;-3.20436E-1;-3.20292E-1;-3.20152E-1;-3.20009E-1;-3.19860E-1;-3.19692E-1;-3.19511E-1;-3.19338E-1;-3.19145E-1;-3.18936E-1;-3.18727E-1;-3.18507E-1;-3.18261E-1;-3.18011E-1;-3.17753E-1;-3.17487E-1;-3.17201E-1;-3.16906E-1;-3.16610E-1;-3.16299E-1;-3.15971E-1;-3.15644E-1;-3.15314E-1;-3.14958E-1;-3.14610E-1;-3.14270E-1;-3.13942E-1;-3.13594E-1;-3.13291E-1;-3.12985E-1;-3.12673E-1;-3.12387E-1;-3.11959E-1
-3.30000E-3;-3.32358E-1;-3.32323E-1;-3.32290E-1;-3.32257E-1;-3.32220E-1;-3.32182E-1;-3.32139E-1;-3.32101E-1;-3.32064E-1;-3.32016E-1;-3.31963E-1;-3.31919E-1;-3.31869E-1;-3.31807E-1;-3.31743E-1;-3.31689E-1;-3.31615E-1;-3.31552E-1;-3.31473E-1;-3.31387E-1;-3.31301E-1;-3.31219E-1;-3.31115E-1;-3.31022E-1;-3.30920E-1;-3.30806E-1;-3.30685E-1;-3.30570E-1;-3.30443E-1;-3.30294E-1;-3.30150E-1;-3.30002E-1;-3.29849E-1;-3.29676E-1;-3.29489E-1;-3.29311E-1;-3.29112E-1;-3.28897E-1;-3.28681E-1;-3.28455E-1;-3.28200E-1;-3.27942E-1;-3.27676E-1;-3.27402E-1;-3.27107E-1;-3.26803E-1;-3.26498E-1;-3.26177E-1;-3.25839E-1;-3.25502E-1;-3.25161E-1;-3.24794E-1;-3.24436E-1;-3.24085E-1;-3.23746E-1;-3.23388E-1;-3.23074E-1;-3.22759E-1;-3.22438E-1;-3.22142E-1;-3.21701E-1
-3.40000E-3;-3.42425E-1;-3.42389E-1;-3.42356E-1;-3.42321E-1;-3.42284E-1;-3.42244E-1;-3.42200E-1;-3.42161E-1;-3.42123E-1;-3.42073E-1;-3.42019E-1;-3.41973E-1;-3.41921E-1;-3.41858E-1;-3.41792E-1;-3.41736E-1;-3.41660E-1;-3.41596E-1;-3.41514E-1;-3.41425E-1;-3.41337E-1;-3.41252E-1;-3.41145E-1;-3.41048E-1;-3.40944E-1;-3.40827E-1;-3.40701E-1;-3.40583E-1;-3.40453E-1;-3.40299E-1;-3.40150E-1;-3.39998E-1;-3.39841E-1;-3.39663E-1;-3.39470E-1;-3.39286E-1;-3.39081E-1;-3.38860E-1;-3.38637E-1;-3.38403E-1;-3.38141E-1;-3.37876E-1;-3.37602E-1;-3.37319E-1;-3.37016E-1;-3.36703E-1;-3.36388E-1;-3.36056E-1;-3.35709E-1;-3.35361E-1;-3.35010E-1;-3.34631E-1;-3.34263E-1;-3.33899E-1;-3.33549E-1;-3.33182E-1;-3.32859E-1;-3.32534E-1;-3.32203E-1;-3.31899E-1;-3.31445E-1
-3.50000E-3;-3.52490E-1;-3.52453E-1;-3.52419E-1;-3.52382E-1;-3.52345E-1;-3.52304E-1;-3.52259E-1;-3.52220E-1;-3.52180E-1;-3.52129E-1;-3.52073E-1;-3.52026E-1;-3.51973E-1;-3.51907E-1;-3.51840E-1;-3.51781E-1;-3.51703E-1;-3.51638E-1;-3.51553E-1;-3.51462E-1;-3.51370E-1;-3.51283E-1;-3.51173E-1;-3.51074E-1;-3.50967E-1;-3.50846E-1;-3.50716E-1;-3.50595E-1;-3.50460E-1;-3.50302E-1;-3.50150E-1;-3.49993E-1;-3.49831E-1;-3.49647E-1;-3.49449E-1;-3.49260E-1;-3.49049E-1;-3.48821E-1;-3.48592E-1;-3.48352E-1;-3.48082E-1;-3.47810E-1;-3.47527E-1;-3.47235E-1;-3.46923E-1;-3.46601E-1;-3.46277E-1;-3.45936E-1;-3.45579E-1;-3.45221E-1;-3.44861E-1;-3.44471E-1;-3.44092E-1;-3.43718E-1;-3.43358E-1;-3.42978E-1;-3.42645E-1;-3.42311E-1;-3.41972E-1;-3.41658E-1;-3.41191E-1
-3.60000E-3;-3.62556E-1;-3.62518E-1;-3.62483E-1;-3.62446E-1;-3.62407E-1;-3.62364E-1;-3.62319E-1;-3.62279E-1;-3.62237E-1;-3.62185E-1;-3.62127E-1;-3.62079E-1;-3.62024E-1;-3.61957E-1;-3.61887E-1;-3.61828E-1;-3.61747E-1;-3.61680E-1;-3.61593E-1;-3.61499E-1;-3.61405E-1;-3.61315E-1;-3.61202E-1;-3.61101E-1;-3.60989E-1;-3.60866E-1;-3.60731E-1;-3.60607E-1;-3.60469E-1;-3.60306E-1;-3.60149E-1;-3.59988E-1;-3.59822E-1;-3.59633E-1;-3.59429E-1;-3.59234E-1;-3.59016E-1;-3.58782E-1;-3.58547E-1;-3.58301E-1;-3.58022E-1;-3.57741E-1;-3.57452E-1;-3.57150E-1;-3.56829E-1;-3.56499E-1;-3.56165E-1;-3.55814E-1;-3.55447E-1;-3.55079E-1;-3.54709E-1;-3.54306E-1;-3.53916E-1;-3.53532E-1;-3.53162E-1;-3.52772E-1;-3.52430E-1;-3.52085E-1;-3.51738E-1;-3.51413E-1;-3.50934E-1
-3.70000E-3;-3.72622E-1;-3.72583E-1;-3.72547E-1;-3.72508E-1;-3.72467E-1;-3.72425E-1;-3.72379E-1;-3.72336E-1;-3.72293E-1;-3.72241E-1;-3.72181E-1;-3.72131E-1;-3.72075E-1;-3.72007E-1;-3.71934E-1;-3.71874E-1;-3.71790E-1;-3.71721E-1;-3.71632E-1;-3.71535E-1;-3.71439E-1;-3.71346E-1;-3.71230E-1;-3.71127E-1;-3.71011E-1;-3.70885E-1;-3.70746E-1;-3.70619E-1;-3.70477E-1;-3.70311E-1;-3.70148E-1;-3.69984E-1;-3.69812E-1;-3.69617E-1;-3.69408E-1;-3.69207E-1;-3.68985E-1;-3.68743E-1;-3.68502E-1;-3.68248E-1;-3.67963E-1;-3.67674E-1;-3.67375E-1;-3.67066E-1;-3.66736E-1;-3.66397E-1;-3.66054E-1;-3.65694E-1;-3.65316E-1;-3.64940E-1;-3.64558E-1;-3.64145E-1;-3.63743E-1;-3.63348E-1;-3.62968E-1;-3.62567E-1;-3.62216E-1;-3.61861E-1;-3.61504E-1;-3.61170E-1;-3.60679E-1
-3.80000E-3;-3.82691E-1;-3.82651E-1;-3.82614E-1;-3.82574E-1;-3.82532E-1;-3.82489E-1;-3.82441E-1;-3.82398E-1;-3.82353E-1;-3.82300E-1;-3.82238E-1;-3.82185E-1;-3.82129E-1;-3.82059E-1;-3.81984E-1;-3.81922E-1;-3.81836E-1;-3.81763E-1;-3.81674E-1;-3.81574E-1;-3.81475E-1;-3.81381E-1;-3.81261E-1;-3.81154E-1;-3.81037E-1;-3.80907E-1;-3.80763E-1;-3.80633E-1;-3.80487E-1;-3.80317E-1;-3.80150E-1;-3.79980E-1;-3.79804E-1;-3.79603E-1;-3.79390E-1;-3.79184E-1;-3.78955E-1;-3.78707E-1;-3.78459E-1;-3.78199E-1;-3.77905E-1;-3.77609E-1;-3.77302E-1;-3.76984E-1;-3.76646E-1;-3.76297E-1;-3.75945E-1;-3.75575E-1;-3.75187E-1;-3.74799E-1;-3.74406E-1;-3.73982E-1;-3.73570E-1;-3.73165E-1;-3.72775E-1;-3.72363E-1;-3.72002E-1;-3.71637E-1;-3.71271E-1;-3.70928E-1;-3.70423E-1
-3.90000E-3;-3.92756E-1;-3.92714E-1;-3.92677E-1;-3.92635E-1;-3.92593E-1;-3.92550E-1;-3.92499E-1;-3.92455E-1;-3.92410E-1;-3.92354E-1;-3.92291E-1;-3.92236E-1;-3.92179E-1;-3.92108E-1;-3.92032E-1;-3.91966E-1;-3.91878E-1;-3.91804E-1;-3.91714E-1;-3.91610E-1;-3.91508E-1;-3.91411E-1;-3.91289E-1;-3.91179E-1;-3.91058E-1;-3.90924E-1;-3.90778E-1;-3.90644E-1;-3.90494E-1;-3.90320E-1;-3.90147E-1;-3.89974E-1;-3.89793E-1;-3.89588E-1;-3.89368E-1;-3.89155E-1;-3.88923E-1;-3.88668E-1;-3.88412E-1;-3.88146E-1;-3.87844E-1;-3.87541E-1;-3.87225E-1;-3.86899E-1;-3.86552E-1;-3.86195E-1;-3.85834E-1;-3.85455E-1;-3.85055E-1;-3.84658E-1;-3.84256E-1;-3.83821E-1;-3.83398E-1;-3.82982E-1;-3.82581E-1;-3.82159E-1;-3.81788E-1;-3.81415E-1;-3.81037E-1;-3.80686E-1;-3.80168E-1
-4.00000E-3;-4.02820E-1;-4.02778E-1;-4.02739E-1;-4.02698E-1;-4.02653E-1;-4.02609E-1;-4.02557E-1;-4.02512E-1;-4.02466E-1;-4.02408E-1;-4.02344E-1;-4.02287E-1;-4.02229E-1;-4.02156E-1;-4.02078E-1;-4.02010E-1;-4.01919E-1;-4.01844E-1;-4.01751E-1;-4.01645E-1;-4.01540E-1;-4.01442E-1;-4.01316E-1;-4.01202E-1;-4.01079E-1;-4.00942E-1;-4.00792E-1;-4.00655E-1;-4.00501E-1;-4.00322E-1;-4.00145E-1;-3.99967E-1;-3.99781E-1;-3.99571E-1;-3.99346E-1;-3.99127E-1;-3.98888E-1;-3.98628E-1;-3.98365E-1;-3.98092E-1;-3.97782E-1;-3.97472E-1;-3.97148E-1;-3.96813E-1;-3.96457E-1;-3.96092E-1;-3.95721E-1;-3.95332E-1;-3.94922E-1;-3.94515E-1;-3.94102E-1;-3.93657E-1;-3.93222E-1;-3.92794E-1;-3.92385E-1;-3.91951E-1;-3.91572E-1;-3.91188E-1;-3.90801E-1;-3.90441E-1;-3.89909E-1
-4.10000E-3;-4.12887E-1;-4.12843E-1;-4.12804E-1;-4.12761E-1;-4.12715E-1;-4.12670E-1;-4.12617E-1;-4.12570E-1;-4.12523E-1;-4.12465E-1;-4.12399E-1;-4.12341E-1;-4.12281E-1;-4.12205E-1;-4.12126E-1;-4.12056E-1;-4.11963E-1;-4.11887E-1;-4.11791E-1;-4.11683E-1;-4.11576E-1;-4.11474E-1;-4.11345E-1;-4.11228E-1;-4.11102E-1;-4.10962E-1;-4.10808E-1;-4.10667E-1;-4.10510E-1;-4.10328E-1;-4.10145E-1;-4.09962E-1;-4.09772E-1;-4.09557E-1;-4.09326E-1;-4.09102E-1;-4.08857E-1;-4.08590E-1;-4.08320E-1;-4.08041E-1;-4.07724E-1;-4.07406E-1;-4.07074E-1;-4.06730E-1;-4.06365E-1;-4.05991E-1;-4.05611E-1;-4.05212E-1;-4.04791E-1;-4.04374E-1;-4.03951E-1;-4.03496E-1;-4.03050E-1;-4.02610E-1;-4.02191E-1;-4.01748E-1;-4.01358E-1;-4.00963E-1;-4.00568E-1;-4.00197E-1;-3.99655E-1
-4.20000E-3;-4.22958E-1;-4.22913E-1;-4.22873E-1;-4.22828E-1;-4.22782E-1;-4.22735E-1;-4.22681E-1;-4.22633E-1;-4.22585E-1;-4.22525E-1;-4.22458E-1;-4.22397E-1;-4.22336E-1;-4.22258E-1;-4.22178E-1;-4.22107E-1;-4.22012E-1;-4.21933E-1;-4.21836E-1;-4.21724E-1;-4.21615E-1;-4.21510E-1;-4.21378E-1;-4.21258E-1;-4.21129E-1;-4.20985E-1;-4.20827E-1;-4.20683E-1;-4.20522E-1;-4.20336E-1;-4.20150E-1;-4.19962E-1;-4.19768E-1;-4.19546E-1;-4.19310E-1;-4.19081E-1;-4.18829E-1;-4.18556E-1;-4.18280E-1;-4.17993E-1;-4.17669E-1;-4.17343E-1;-4.17002E-1;-4.16651E-1;-4.16276E-1;-4.15893E-1;-4.15504E-1;-4.15095E-1;-4.14664E-1;-4.14236E-1;-4.13801E-1;-4.13336E-1;-4.12880E-1;-4.12429E-1;-4.11999E-1;-4.11546E-1;-4.11145E-1;-4.10741E-1;-4.10337E-1;-4.09957E-1;-4.09401E-1
-4.30000E-3;-4.33026E-1;-4.32980E-1;-4.32938E-1;-4.32893E-1;-4.32846E-1;-4.32798E-1;-4.32741E-1;-4.32693E-1;-4.32644E-1;-4.32583E-1;-4.32515E-1;-4.32452E-1;-4.32389E-1;-4.32310E-1;-4.32228E-1;-4.32155E-1;-4.32058E-1;-4.31976E-1;-4.31877E-1;-4.31763E-1;-4.31651E-1;-4.31544E-1;-4.31407E-1;-4.31286E-1;-4.31153E-1;-4.31005E-1;-4.30845E-1;-4.30697E-1;-4.30532E-1;-4.30341E-1;-4.30151E-1;-4.29958E-1;-4.29759E-1;-4.29534E-1;-4.29292E-1;-4.29057E-1;-4.28798E-1;-4.28519E-1;-4.28237E-1;-4.27942E-1;-4.27611E-1;-4.27277E-1;-4.26929E-1;-4.26570E-1;-4.26185E-1;-4.25794E-1;-4.25396E-1;-4.24977E-1;-4.24536E-1;-4.24098E-1;-4.23653E-1;-4.23177E-1;-4.22710E-1;-4.22249E-1;-4.21809E-1;-4.21344E-1;-4.20935E-1;-4.20522E-1;-4.20108E-1;-4.19719E-1;-4.19149E-1
-4.40000E-3;-4.43096E-1;-4.43048E-1;-4.43006E-1;-4.42959E-1;-4.42912E-1;-4.42863E-1;-4.42805E-1;-4.42755E-1;-4.42705E-1;-4.42643E-1;-4.42572E-1;-4.42509E-1;-4.42444E-1;-4.42363E-1;-4.42279E-1;-4.42205E-1;-4.42105E-1;-4.42023E-1;-4.41919E-1;-4.41804E-1;-4.41689E-1;-4.41578E-1;-4.41439E-1;-4.41315E-1;-4.41179E-1;-4.41028E-1;-4.40863E-1;-4.40713E-1;-4.40542E-1;-4.40348E-1;-4.40154E-1;-4.39956E-1;-4.39753E-1;-4.39522E-1;-4.39274E-1;-4.39033E-1;-4.38770E-1;-4.38484E-1;-4.38195E-1;-4.37893E-1;-4.37555E-1;-4.37213E-1;-4.36857E-1;-4.36490E-1;-4.36097E-1;-4.35695E-1;-4.35288E-1;-4.34860E-1;-4.34407E-1;-4.33960E-1;-4.33503E-1;-4.33017E-1;-4.32539E-1;-4.32068E-1;-4.31617E-1;-4.31143E-1;-4.30724E-1;-4.30299E-1;-4.29877E-1;-4.29477E-1;-4.28896E-1
-4.50000E-3;-4.53164E-1;-4.53116E-1;-4.53072E-1;-4.53025E-1;-4.52977E-1;-4.52927E-1;-4.52867E-1;-4.52816E-1;-4.52764E-1;-4.52700E-1;-4.52629E-1;-4.52564E-1;-4.52497E-1;-4.52415E-1;-4.52329E-1;-4.52253E-1;-4.52152E-1;-4.52067E-1;-4.51961E-1;-4.51843E-1;-4.51726E-1;-4.51613E-1;-4.51471E-1;-4.51344E-1;-4.51204E-1;-4.51050E-1;-4.50881E-1;-4.50728E-1;-4.50552E-1;-4.50354E-1;-4.50157E-1;-4.49953E-1;-4.49746E-1;-4.49509E-1;-4.49257E-1;-4.49009E-1;-4.48740E-1;-4.48447E-1;-4.48153E-1;-4.47844E-1;-4.47498E-1;-4.47149E-1;-4.46785E-1;-4.46408E-1;-4.46008E-1;-4.45596E-1;-4.45179E-1;-4.44742E-1;-4.44280E-1;-4.43821E-1;-4.43356E-1;-4.42857E-1;-4.42368E-1;-4.41887E-1;-4.41425E-1;-4.40940E-1;-4.40513E-1;-4.40077E-1;-4.39646E-1;-4.39237E-1;-4.38642E-1
-4.60000E-3;-4.63235E-1;-4.63185E-1;-4.63139E-1;-4.63093E-1;-4.63043E-1;-4.62992E-1;-4.62931E-1;-4.62879E-1;-4.62826E-1;-4.62760E-1;-4.62687E-1;-4.62621E-1;-4.62553E-1;-4.62468E-1;-4.62381E-1;-4.62303E-1;-4.62200E-1;-4.62113E-1;-4.62005E-1;-4.61884E-1;-4.61764E-1;-4.61649E-1;-4.61504E-1;-4.61375E-1;-4.61231E-1;-4.61074E-1;-4.60902E-1;-4.60745E-1;-4.60565E-1;-4.60362E-1;-4.60160E-1;-4.59953E-1;-4.59741E-1;-4.59499E-1;-4.59240E-1;-4.58987E-1;-4.58712E-1;-4.58412E-1;-4.58113E-1;-4.57797E-1;-4.57442E-1;-4.57086E-1;-4.56714E-1;-4.56329E-1;-4.55920E-1;-4.55498E-1;-4.55071E-1;-4.54624E-1;-4.54151E-1;-4.53684E-1;-4.53207E-1;-4.52697E-1;-4.52197E-1;-4.51706E-1;-4.51233E-1;-4.50737E-1;-4.50301E-1;-4.49855E-1;-4.49414E-1;-4.48998E-1;-4.48389E-1
-4.70000E-3;-4.73302E-1;-4.73252E-1;-4.73204E-1;-4.73157E-1;-4.73107E-1;-4.73055E-1;-4.72991E-1;-4.72938E-1;-4.72885E-1;-4.72817E-1;-4.72743E-1;-4.72675E-1;-4.72607E-1;-4.72520E-1;-4.72430E-1;-4.72351E-1;-4.72245E-1;-4.72157E-1;-4.72046E-1;-4.71923E-1;-4.71800E-1;-4.71684E-1;-4.71536E-1;-4.71403E-1;-4.71256E-1;-4.71096E-1;-4.70919E-1;-4.70759E-1;-4.70576E-1;-4.70369E-1;-4.70162E-1;-4.69950E-1;-4.69732E-1;-4.69487E-1;-4.69223E-1;-4.68964E-1;-4.68682E-1;-4.68376E-1;-4.68069E-1;-4.67748E-1;-4.67385E-1;-4.67022E-1;-4.66641E-1;-4.66248E-1;-4.65829E-1;-4.65397E-1;-4.64963E-1;-4.64506E-1;-4.64024E-1;-4.63546E-1;-4.63060E-1;-4.62540E-1;-4.62029E-1;-4.61526E-1;-4.61044E-1;-4.60536E-1;-4.60090E-1;-4.59636E-1;-4.59185E-1;-4.58759E-1;-4.58138E-1
-4.80000E-3;-4.83372E-1;-4.83319E-1;-4.83272E-1;-4.83224E-1;-4.83172E-1;-4.83119E-1;-4.83054E-1;-4.83000E-1;-4.82945E-1;-4.82876E-1;-4.82800E-1;-4.82731E-1;-4.82661E-1;-4.82572E-1;-4.82481E-1;-4.82400E-1;-4.82293E-1;-4.82202E-1;-4.82089E-1;-4.81963E-1;-4.81838E-1;-4.81719E-1;-4.81568E-1;-4.81432E-1;-4.81282E-1;-4.81119E-1;-4.80938E-1;-4.80773E-1;-4.80588E-1;-4.80375E-1;-4.80165E-1;-4.79948E-1;-4.79725E-1;-4.79475E-1;-4.79205E-1;-4.78941E-1;-4.78653E-1;-4.78341E-1;-4.78028E-1;-4.77699E-1;-4.77329E-1;-4.76957E-1;-4.76569E-1;-4.76168E-1;-4.75740E-1;-4.75299E-1;-4.74854E-1;-4.74387E-1;-4.73894E-1;-4.73406E-1;-4.72910E-1;-4.72378E-1;-4.71856E-1;-4.71343E-1;-4.70850E-1;-4.70334E-1;-4.69875E-1;-4.69412E-1;-4.68952E-1;-4.68517E-1;-4.67883E-1
-4.90000E-3;-4.93443E-1;-4.93388E-1;-4.93339E-1;-4.93291E-1;-4.93236E-1;-4.93183E-1;-4.93116E-1;-4.93061E-1;-4.93006E-1;-4.92936E-1;-4.92858E-1;-4.92788E-1;-4.92716E-1;-4.92625E-1;-4.92533E-1;-4.92450E-1;-4.92339E-1;-4.92247E-1;-4.92132E-1;-4.92002E-1;-4.91877E-1;-4.91754E-1;-4.91602E-1;-4.91461E-1;-4.91309E-1;-4.91143E-1;-4.90958E-1;-4.90789E-1;-4.90599E-1;-4.90383E-1;-4.90168E-1;-4.89946E-1;-4.89719E-1;-4.89463E-1;-4.89189E-1;-4.88919E-1;-4.88625E-1;-4.88307E-1;-4.87987E-1;-4.87651E-1;-4.87273E-1;-4.86893E-1;-4.86499E-1;-4.86088E-1;-4.85651E-1;-4.85201E-1;-4.84747E-1;-4.84271E-1;-4.83767E-1;-4.83270E-1;-4.82763E-1;-4.82221E-1;-4.81688E-1;-4.81164E-1;-4.80661E-1;-4.80134E-1;-4.79665E-1;-4.79193E-1;-4.78722E-1;-4.78279E-1;-4.77632E-1
-5.00000E-3;-5.03513E-1;-5.03457E-1;-5.03406E-1;-5.03358E-1;-5.03302E-1;-5.03248E-1;-5.03181E-1;-5.03124E-1;-5.03068E-1;-5.02997E-1;-5.02917E-1;-5.02846E-1;-5.02771E-1;-5.02680E-1;-5.02585E-1;-5.02502E-1;-5.02388E-1;-5.02293E-1;-5.02177E-1;-5.02045E-1;-5.01916E-1;-5.01791E-1;-5.01636E-1;-5.01491E-1;-5.01337E-1;-5.01167E-1;-5.00978E-1;-5.00806E-1;-5.00613E-1;-5.00391E-1;-5.00173E-1;-4.99947E-1;-4.99715E-1;-4.99453E-1;-4.99174E-1;-4.98898E-1;-4.98598E-1;-4.98273E-1;-4.97947E-1;-4.97603E-1;-4.97217E-1;-4.96830E-1;-4.96428E-1;-4.96008E-1;-4.95563E-1;-4.95104E-1;-4.94641E-1;-4.94154E-1;-4.93641E-1;-4.93132E-1;-4.92615E-1;-4.92061E-1;-4.91517E-1;-4.90984E-1;-4.90470E-1;-4.89932E-1;-4.89454E-1;-4.88971E-1;-4.88492E-1;-4.88041E-1;-4.87380E-1
